kV,energy,intensity
10,0.25,0.0
10,0.5,0.0
10,0.75,0.0
10,1.0,0.0
10,1.25,0.0
10,1.5,0.0
10,1.75,0.0
10,2.0,0.0
10,2.25,0.0
10,2.5,0.0
10,2.75,0.0
10,3.0,0.0
10,3.25,0.0
10,3.5,0.0
10,3.75,0.0
10,4.0,0.0
10,4.25,0.261769
10,4.5,0.299764
10,4.75,0.417606
10,5.0,0.731716
10,5.25,1.24566
10,5.5,2.41433
10,5.75,4.10329
10,6.0,6.82108
10,6.25,10.0929
10,6.5,14.283
10,6.75,18.0473
10,7.0,21.0727
10,7.25,21.152
10,7.5,26.274
10,7.75,29.6025
10,8.0,33.301
10,8.25,34.7264
10,8.5,35.529
10,8.75,35.3194
10,9.0,32.9746
10,9.25,29.8418
10,9.5,23.6086
10,9.75,14.3983
10,10.0,2.58291
10,10.25,0.124131
10,10.5,0.0231009
10,10.75,0.0281257
10,11.0,0.0227931
10,11.25,0.0338304
10,11.5,0.0452793
10,11.75,0.0213628
10,12.0,0.0380504
10,12.25,0.0255401
10,12.5,0.0350827
10,12.75,0.0263455
10,13.0,0.0381209
10,13.25,0.0195525
10,13.5,0.034979
10,13.75,0.0280751
10,14.0,0.0371762
10,14.25,0.0258552
10,14.5,0.041389
10,14.75,0.0261018
10,15.0,0.0277809
10,15.25,0.0313486
10,15.5,0.0248348
10,15.75,0.0298821
10,16.0,0.0234007
10,16.25,0.0279862
10,16.5,0.0219967
10,16.75,0.0208971
10,17.0,0.0152628
11,0.25,0.0
11,0.5,0.0
11,0.75,0.0
11,1.0,0.0
11,1.25,0.0
11,1.5,0.0
11,1.75,0.0
11,2.0,0.0
11,2.25,0.0
11,2.5,0.0
11,2.75,0.0
11,3.0,0.0
11,3.25,0.0
11,3.5,0.0
11,3.75,0.0
11,4.0,0.0
11,4.25,0.130766
11,4.5,0.171723
11,4.75,0.204899
11,5.0,0.443881
11,5.25,0.724216
11,5.5,1.51623
11,5.75,2.38875
11,6.0,4.15471
11,6.25,6.15714
11,6.5,8.81036
11,6.75,11.311
11,7.0,13.2678
11,7.25,13.9115
11,7.5,17.2941
11,7.75,19.8616
11,8.0,24.1872
11,8.25,33.5968
11,8.5,30.3653
11,8.75,27.4563
11,9.0,28.566
11,9.25,28.3915
11,9.5,28.0465
11,9.75,29.2099
11,10.0,25.8671
11,10.25,18.3736
11,10.5,14.2264
11,10.75,8.48012
11,11.0,1.76287
11,11.25,0.0800545
11,11.5,0.0514944
11,11.75,0.0393569
11,12.0,0.0391685
11,12.25,0.0407959
11,12.5,0.032764
11,12.75,0.0360722
11,13.0,0.0385154
11,13.25,0.0386205
11,13.5,0.0368173
11,13.75,0.0364264
11,14.0,0.0354844
11,14.25,0.0342643
11,14.5,0.0334375
11,14.75,0.0398833
11,15.0,0.0320774
11,15.25,0.0411091
11,15.5,0.0340417
11,15.75,0.0403142
11,16.0,0.039701
11,16.25,0.0315288
11,16.5,0.0442659
11,16.75,0.0216857
11,17.0,0.0352192
11,17.25,0.0306069
11,17.5,0.0232868
11,17.75,0.0275627
11,18.0,0.0223723
11,18.25,0.0215548
11,18.5,0.0132031
11,18.75,0.0208079
11,19.0,0.00926672
11,19.25,0.0128637
11,19.5,0.00677084
12,0.25,0.0
12,0.5,0.0
12,0.75,0.0
12,1.0,0.0
12,1.25,0.0
12,1.5,0.0
12,1.75,0.0
12,2.0,0.0
12,2.25,0.0
12,2.5,0.0
12,2.75,0.0
12,3.0,0.0
12,3.25,0.0
12,3.5,0.0
12,3.75,0.0
12,4.0,0.0
12,4.25,0.0926867
12,4.5,0.119433
12,4.75,0.15586
12,5.0,0.308594
12,5.25,0.494006
12,5.5,0.960541
12,5.75,1.60456
12,6.0,2.73332
12,6.25,4.11027
12,6.5,5.85633
12,6.75,7.48548
12,7.0,9.01678
12,7.25,9.66106
12,7.5,12.0637
12,7.75,13.8253
12,8.0,18.5346
12,8.25,35.3858
12,8.5,27.6518
12,8.75,20.0905
12,9.0,22.0115
12,9.25,22.6081
12,9.5,25.0979
12,9.75,30.2072
12,10.0,27.6033
12,10.25,19.4297
12,10.5,18.1837
12,10.75,17.0031
12,11.0,14.6745
12,11.25,14.3855
12,11.5,10.3538
12,11.75,5.86145
12,12.0,1.36564
12,12.25,0.0429702
12,12.5,0.0567517
12,12.75,0.0346239
12,13.0,0.0398799
12,13.25,0.0398748
12,13.5,0.0392317
12,13.75,0.0393479
12,14.0,0.0354709
12,14.25,0.0390461
12,14.5,0.0406124
12,14.75,0.036149
12,15.0,0.0365564
12,15.25,0.0348385
12,15.5,0.0393274
12,15.75,0.0427007
12,16.0,0.0401006
12,16.25,0.0358296
12,16.5,0.0367961
12,16.75,0.0399921
12,17.0,0.0390928
12,17.25,0.0287729
12,17.5,0.0354098
12,17.75,0.0313384
12,18.0,0.0327379
12,18.25,0.0239362
12,18.5,0.0236489
12,18.75,0.0209651
12,19.0,0.0164873
12,19.25,0.0208148
12,19.5,0.0147288
12,19.75,0.0150136
12,20.0,0.0108551
13,0.25,0.0
13,0.5,0.0
13,0.75,0.0
13,1.0,0.0
13,1.25,0.0
13,1.5,0.0
13,1.75,0.0
13,2.0,0.0
13,2.25,0.0
13,2.5,0.0
13,2.75,0.0
13,3.0,0.0
13,3.25,0.0
13,3.5,0.0
13,3.75,0.0
13,4.0,0.0
13,4.25,0.0935099
13,4.5,0.0945438
13,4.75,0.140859
13,5.0,0.220208
13,5.25,0.374322
13,5.5,0.663286
13,5.75,1.18249
13,6.0,1.87509
13,6.25,2.94785
13,6.5,4.15975
13,6.75,5.34318
13,7.0,6.37952
13,7.25,7.14066
13,7.5,8.87012
13,7.75,10.0331
13,8.0,14.631
13,8.25,35.4952
13,8.5,24.7707
13,8.75,15.0085
13,9.0,17.0538
13,9.25,18.0077
13,9.5,25.9663
13,9.75,31.2959
13,10.0,25.474
13,10.25,16.8576
13,10.5,16.2766
13,10.75,16.0642
13,11.0,15.3985
13,11.25,18.2613
13,11.5,14.8745
13,11.75,12.7164
13,12.0,11.0861
13,12.25,8.87697
13,12.5,6.93861
13,12.75,4.05265
13,13.0,0.907616
13,13.25,0.0194573
13,13.5,0.0520684
13,13.75,0.0259083
13,14.0,0.0371083
13,14.25,0.0341947
13,14.5,0.0343619
13,14.75,0.0345394
13,15.0,0.031556
13,15.25,0.0351608
13,15.5,0.031579
13,15.75,0.0332008
13,16.0,0.0330708
13,16.25,0.0334849
13,16.5,0.031688
14,0.25,0.0
14,0.5,0.0
14,0.75,0.0
14,1.0,0.0
14,1.25,0.0
14,1.5,0.0
14,1.75,0.0
14,2.0,0.0
14,2.25,0.0
14,2.5,0.0
14,2.75,0.0
14,3.0,0.0
14,3.25,0.0
14,3.5,0.0
14,3.75,0.0
14,4.0,0.0
14,4.25,0.0
14,4.5,0.04431
14,4.75,0.137596
14,5.0,0.165097
14,5.25,0.300074
14,5.5,0.514481
14,5.75,0.862348
14,6.0,1.49082
14,6.25,2.23846
14,6.5,3.13422
14,6.75,4.06284
14,7.0,4.87753
14,7.25,5.61067
14,7.5,6.78976
14,7.75,7.79577
14,8.0,12.1733
14,8.25,34.8685
14,8.5,22.6425
14,8.75,11.7656
14,9.0,13.821
14,9.25,14.8537
14,9.5,26.922
14,9.75,31.8382
14,10.0,23.3264
14,10.25,14.2927
14,10.5,14.0784
14,10.75,13.9385
14,11.0,14.4972
14,11.25,18.3014
14,11.5,14.9741
14,11.75,13.34
14,12.0,12.2292
14,12.25,10.9791
14,12.5,10.2958
14,12.75,9.11681
14,13.0,8.11763
14,13.25,6.41963
14,13.5,5.01059
14,13.75,2.82051
14,14.0,0.739056
14,14.25,0.0102275
14,14.5,0.0494672
14,14.75,0.0240622
14,15.0,0.0352006
14,15.25,0.0298668
14,15.5,0.0334358
14,15.75,0.0299449
14,16.0,0.0334979
14,16.25,0.030698
14,16.5,0.0328732
14,16.75,0.0399818
14,17.0,0.0239005
14,17.25,0.0332915
14,17.5,0.0302574
14,17.75,0.0292309
14,18.0,0.0298191
14,18.25,0.0255866
14,18.5,0.0258715
14,18.75,0.0244797
14,19.0,0.0211666
14,19.25,0.0208283
15,0.25,0.0
15,0.5,0.0
15,0.75,0.0
15,1.0,0.0
15,1.25,0.0
15,1.5,0.0
15,1.75,0.0
15,2.0,0.0
15,2.25,0.0
15,2.5,0.0
15,2.75,0.0
15,3.0,0.0
15,3.25,0.0
15,3.5,0.0
15,3.75,0.0
15,4.0,0.0
15,4.25,8.3473e-25
15,4.5,2.30419e-10
15,4.75,1.3667e-22
15,5.0,3.75074e-23
15,5.25,0.155789
15,5.5,0.440738
15,5.75,0.672489
15,6.0,1.14548
15,6.25,1.80594
15,6.5,2.48712
15,6.75,3.21949
15,7.0,3.97618
15,7.25,4.63982
15,7.5,5.58373
15,7.75,6.31586
15,8.0,10.485
15,8.25,33.9452
15,8.5,21.1762
15,8.75,9.54874
15,9.0,11.5775
15,9.25,12.7592
15,9.5,27.4736
15,9.75,31.8286
15,10.0,21.593
15,10.25,12.3882
15,10.5,11.9871
15,10.75,12.4393
15,11.0,13.0828
15,11.25,17.7241
15,11.5,14.2941
15,11.75,12.7352
15,12.0,11.793
15,12.25,10.937
15,12.5,10.4945
15,12.75,10.0617
15,13.0,9.4934
15,13.25,8.63047
15,13.5,7.98849
15,13.75,6.95268
15,14.0,6.12621
15,14.25,4.93638
15,14.5,3.92798
15,14.75,2.23391
15,15.0,0.639907
15,15.25,0.0
15,15.5,0.0431021
15,15.75,0.0267109
15,16.0,0.0251179
15,16.25,0.0276139
15,16.5,0.028093
15,16.75,0.0268275
15,17.0,0.0280102
15,17.25,0.0266056
15,17.5,0.0219444
15,17.75,0.0265254
15,18.0,0.0233968
16,0.25,0.0
16,0.5,0.0
16,0.75,0.0
16,1.0,0.0
16,1.25,0.0
16,1.5,0.0
16,1.75,0.0
16,2.0,0.0
16,2.25,0.0
16,2.5,0.0
16,2.75,0.0
16,3.0,0.0
16,3.25,0.0
16,3.5,0.0
16,3.75,0.0
16,4.0,0.0
16,4.25,0.137448
16,4.5,0.153241
16,4.75,0.0627647
16,5.0,0.0734537
16,5.25,0.161032
16,5.5,0.286994
16,5.75,0.499688
16,6.0,0.851648
16,6.25,1.46047
16,6.5,2.10266
16,6.75,2.66741
16,7.0,3.32139
16,7.25,3.94433
16,7.5,4.71266
16,7.75,5.24108
16,8.0,9.46823
16,8.25,32.9123
16,8.5,19.819
16,8.75,8.043
16,9.0,10.0582
16,9.25,11.1724
16,9.5,27.6997
16,9.75,31.7123
16,10.0,19.9485
16,10.25,11.0125
16,10.5,10.566
16,10.75,10.9243
16,11.0,12.1492
16,11.25,16.808
16,11.5,13.4678
16,11.75,11.8824
16,12.0,10.9061
16,12.25,10.3238
16,12.5,10.0096
16,12.75,9.81378
16,13.0,9.52428
16,13.25,8.99755
16,13.5,8.63389
16,13.75,7.98639
16,14.0,7.53022
16,14.25,6.87353
16,14.5,6.26455
16,14.75,5.51709
16,15.0,4.82059
16,15.25,3.87247
16,15.5,3.03326
16,15.75,1.73497
16,16.0,0.517739
16,16.25,1.0969e-08
16,16.5,0.0485017
16,16.75,0.0282588
16,17.0,0.0312793
16,17.25,0.0263657
16,17.5,0.0270149
16,17.75,0.0303332
16,18.0,0.0318407
16,18.25,0.0302434
16,18.5,0.0227302
16,18.75,0.0260726
16,19.0,0.0172325
17,0.25,0.0
17,0.5,0.0
17,0.75,0.0
17,1.0,0.0
17,1.25,0.0
17,1.5,0.0
17,1.75,0.0
17,2.0,0.0
17,2.25,0.0
17,2.5,0.0
17,2.75,0.0
17,3.0,0.0
17,3.25,0.0
17,3.5,0.0
17,3.75,0.0
17,4.0,0.0
17,4.25,0.254369
17,4.5,0.122452
17,4.75,0.178056
17,5.0,0.170316
17,5.25,0.178092
17,5.5,0.304117
17,5.75,0.491664
17,6.0,0.793453
17,6.25,1.24567
17,6.5,1.75236
17,6.75,2.21501
17,7.0,2.76655
17,7.25,3.41349
17,7.5,4.10623
17,7.75,4.56569
17,8.0,8.51054
17,8.25,31.8721
17,8.5,18.9259
17,8.75,6.82674
17,9.0,9.01284
17,9.25,9.99672
17,9.5,27.5193
17,9.75,31.4772
17,10.0,18.6636
17,10.25,9.9163
17,10.5,9.31644
17,10.75,9.7823
17,11.0,11.1867
17,11.25,15.9117
17,11.5,12.7126
17,11.75,10.9113
17,12.0,10.1917
17,12.25,9.55465
17,12.5,9.44407
17,12.75,9.29965
17,13.0,9.24084
17,13.25,8.71906
17,13.5,8.52662
17,13.75,8.12891
17,14.0,7.869
17,14.25,7.48071
17,14.5,6.99191
17,14.75,6.64446
17,15.0,6.09834
17,15.25,5.63188
17,15.5,5.03404
17,15.75,4.47872
17,16.0,3.81628
17,16.25,3.12431
17,16.5,2.42792
17,16.75,1.41955
17,17.0,0.441061
17,17.25,0.0126361
17,17.5,0.0400346
17,17.75,0.0273555
17,18.0,0.0346467
17,18.25,0.0289862
17,18.5,0.0274342
17,18.75,0.0210547
17,19.0,0.0223177
17,19.25,0.0229063
17,19.5,0.0243691
17,19.75,0.0181341
17,20.0,0.0225975
17,20.25,0.0166263
17,20.5,0.0174215
18,0.25,0.0
18,0.5,0.0
18,0.75,0.0
18,1.0,0.0
18,1.25,0.0
18,1.5,0.0
18,1.75,0.0
18,2.0,0.0
18,2.25,0.0
18,2.5,0.0
18,2.75,0.0
18,3.0,0.0
18,3.25,0.0
18,3.5,0.0
18,3.75,0.0
18,4.0,0.0
18,4.25,0.229637
18,4.5,0.163472
18,4.75,0.185421
18,5.0,0.168696
18,5.25,0.221528
18,5.5,0.298306
18,5.75,0.462388
18,6.0,0.727604
18,6.25,1.15497
18,6.5,1.5194
18,6.75,2.01593
18,7.0,2.42913
18,7.25,3.04528
18,7.5,3.60775
18,7.75,3.99305
18,8.0,7.63673
18,8.25,31.0807
18,8.5,17.9285
18,8.75,6.12116
18,9.0,7.9488
18,9.25,9.21512
18,9.5,27.2467
18,9.75,30.9376
18,10.0,17.7057
18,10.25,8.9935
18,10.5,8.38012
18,10.75,8.87919
18,11.0,10.4008
18,11.25,15.2778
18,11.5,11.9128
18,11.75,10.2302
18,12.0,9.39773
18,12.25,8.91048
18,12.5,8.74463
18,12.75,8.80134
18,13.0,8.65239
18,13.25,8.41251
18,13.5,8.23636
18,13.75,7.98644
18,14.0,7.79331
18,14.25,7.50837
18,14.5,7.25298
18,14.75,6.92951
18,15.0,6.55626
18,15.25,6.25082
18,15.5,5.8709
18,15.75,5.43711
18,16.0,5.07068
18,16.25,4.62646
18,16.5,4.18251
18,16.75,3.67278
18,17.0,3.1891
18,17.25,2.56007
18,17.5,1.96632
18,17.75,1.21048
18,18.0,0.374213
18,18.25,0.0153234
18,18.5,0.0408657
18,18.75,0.0151071
18,19.0,0.0314657
18,19.25,0.0205343
18,19.5,0.0265759
18,19.75,0.0175362
18,20.0,0.022482
18,20.25,0.0171065
18,20.5,0.0191645
18,20.75,0.0178324
18,21.0,0.016363
18,21.25,0.0140607
18,21.5,0.0138668
19,0.25,0.0
19,0.5,0.0
19,0.75,0.0
19,1.0,0.0
19,1.25,0.0
19,1.5,0.0
19,1.75,0.0
19,2.0,0.0
19,2.25,0.0
19,2.5,0.0
19,2.75,0.0
19,3.0,0.0
19,3.25,0.0
19,3.5,0.0
19,3.75,0.0
19,4.0,0.0
19,4.25,0.286356
19,4.5,0.138064
19,4.75,0.227115
19,5.0,0.157131
19,5.25,0.232707
19,5.5,0.30872
19,5.75,0.405621
19,6.0,0.698306
19,6.25,1.05473
19,6.5,1.40938
19,6.75,1.79856
19,7.0,2.21259
19,7.25,2.77957
19,7.5,3.30648
19,7.75,3.50903
19,8.0,7.3677
19,8.25,29.9697
19,8.5,17.3307
19,8.75,5.39833
19,9.0,7.26784
19,9.25,8.43815
19,9.5,27.0959
19,9.75,30.5591
19,10.0,16.882
19,10.25,8.13914
19,10.5,7.68811
19,10.75,8.08879
19,11.0,9.68482
19,11.25,14.603
19,11.5,11.1552
19,11.75,9.59279
19,12.0,8.73244
19,12.25,8.27597
19,12.5,8.19647
19,12.75,8.22807
19,13.0,8.20152
19,13.25,7.96632
19,13.5,7.87597
19,13.75,7.77578
19,14.0,7.45327
19,14.25,7.41826
19,14.5,7.11585
19,14.75,6.91798
19,15.0,6.73847
19,15.25,6.41223
19,15.5,6.16893
19,15.75,5.8783
19,16.0,5.58257
19,16.25,5.23301
19,16.5,4.92669
19,16.75,4.54507
19,17.0,4.26201
19,17.25,3.8705
19,17.5,3.46743
19,17.75,3.05589
19,18.0,2.62257
19,18.25,2.14618
19,18.5,1.59604
19,18.75,1.02694
19,19.0,0.293543
19,19.25,0.0237697
19,19.5,0.0308948
19,19.75,0.019951
19,20.0,0.0211876
19,20.25,0.0196261
19,20.5,0.0199038
19,20.75,0.015229
19,21.0,0.0209812
19,21.25,0.0135838
19,21.5,0.0179096
19,21.75,0.0105502
19,22.0,0.0165861
20,0.25,0.0
20,0.5,0.0
20,0.75,0.0
20,1.0,0.0
20,1.25,0.0
20,1.5,0.0
20,1.75,0.0
20,2.0,0.0
20,2.25,0.0
20,2.5,0.0
20,2.75,0.0
20,3.0,0.0
20,3.25,0.0
20,3.5,0.0
20,3.75,0.0
20,4.0,0.0
20,4.25,0.230675
20,4.5,0.211222
20,4.75,0.170935
20,5.0,0.165017
20,5.25,0.223309
20,5.5,0.25513
20,5.75,0.446464
20,6.0,0.603506
20,6.25,0.984702
20,6.5,1.29374
20,6.75,1.60548
20,7.0,2.03071
20,7.25,2.58798
20,7.5,3.00709
20,7.75,3.22248
20,8.0,6.95955
20,8.25,29.3445
20,8.5,16.6427
20,8.75,4.91446
20,9.0,6.68933
20,9.25,7.85353
20,9.5,26.9166
20,9.75,29.9322
20,10.0,16.0583
20,10.25,7.52672
20,10.5,7.10202
20,10.75,7.41808
20,11.0,9.11851
20,11.25,14.0338
20,11.5,10.5224
20,11.75,9.01176
20,12.0,8.16323
20,12.25,7.69895
20,12.5,7.68984
20,12.75,7.78407
20,13.0,7.69929
20,13.25,7.54967
20,13.5,7.48179
20,13.75,7.44523
20,14.0,7.25304
20,14.25,7.1091
20,14.5,7.03
20,14.75,6.71406
20,15.0,6.7062
20,15.25,6.42151
20,15.5,6.21538
20,15.75,6.00638
20,16.0,5.76389
20,16.25,5.55578
20,16.5,5.30425
20,16.75,4.98167
20,17.0,4.76432
20,17.25,4.49547
20,17.5,4.17847
20,17.75,3.90945
20,18.0,3.56498
20,18.25,3.25437
20,18.5,2.90979
20,18.75,2.59337
20,19.0,2.21994
20,19.25,1.80112
20,19.5,1.3702
20,19.75,0.867766
20,20.0,0.239564
20,20.25,0.0283262
20,20.5,0.0216682
20,20.75,0.0155121
20,21.0,0.0202444
20,21.25,0.0159161
20,21.5,0.0157218
20,21.75,0.0159261
20,22.0,0.0146871
20,22.25,0.0109766
20,22.5,0.0159389
21,0.25,0.0
21,0.5,0.0
21,0.75,0.0
21,1.0,0.0
21,1.25,0.0
21,1.5,0.0
21,1.75,0.0
21,2.0,0.0
21,2.25,0.0
21,2.5,0.0
21,2.75,0.0
21,3.0,0.0
21,3.25,0.0
21,3.5,0.0
21,3.75,0.0
21,4.0,0.0
21,4.25,0.21787
21,4.5,0.238106
21,4.75,0.151368
21,5.0,0.230491
21,5.25,0.19832
21,5.5,0.25071
21,5.75,0.365286
21,6.0,0.495565
21,6.25,0.834743
21,6.5,1.10994
21,6.75,1.36864
21,7.0,1.78087
21,7.25,2.28329
21,7.5,2.60874
21,7.75,3.20091
21,8.0,4.23889
21,8.25,22.47
21,8.5,23.069
21,8.75,4.98874
21,9.0,6.32085
21,9.25,5.84891
21,9.5,20.7493
21,9.75,31.2627
21,10.0,19.3464
21,10.25,8.47076
21,10.5,6.33204
21,10.75,6.86499
21,11.0,7.85155
21,11.25,13.4597
21,11.5,10.9193
21,11.75,8.64935
21,12.0,7.88022
21,12.25,7.24352
21,12.5,7.26889
21,12.75,7.20286
21,13.0,7.35464
21,13.25,7.19389
21,13.5,7.17487
21,13.75,7.13262
21,14.0,6.96888
21,14.25,6.99211
21,14.5,6.75796
21,14.75,6.65206
21,15.0,6.56123
21,15.25,6.33767
21,15.5,6.28203
21,15.75,6.0322
21,16.0,5.85497
21,16.25,5.70124
21,16.5,5.4624
21,16.75,5.28566
21,17.0,5.04469
21,17.25,4.81662
21,17.5,4.63751
21,17.75,4.37194
21,18.0,4.08609
21,18.25,3.93631
21,18.5,3.59418
21,18.75,3.39297
21,19.0,3.08231
21,19.25,2.84507
21,19.5,2.54669
21,19.75,2.22802
21,20.0,1.94559
21,20.25,1.55495
21,20.5,1.21562
21,20.75,0.763357
21,21.0,0.261321
21,21.25,0.024656
21,21.5,0.022069
21,21.75,0.0157575
21,22.0,0.0129273
21,22.25,0.0188702
21,22.5,0.0128636
21,22.75,0.0154831
21,23.0,0.0136447
21,23.25,0.00870952
21,23.5,0.0145698
22,0.25,0.0
22,0.5,0.0
22,0.75,0.0
22,1.0,0.0
22,1.25,0.0
22,1.5,0.0
22,1.75,0.0
22,2.0,0.0
22,2.25,0.0
22,2.5,0.0
22,2.75,0.0
22,3.0,0.0
22,3.25,0.0
22,3.5,0.0
22,3.75,0.0
22,4.0,0.0
22,4.25,0.22218
22,4.5,0.210965
22,4.75,0.183427
22,5.0,0.174062
22,5.25,0.210832
22,5.5,0.222988
22,5.75,0.319082
22,6.0,0.488861
22,6.25,0.765054
22,6.5,1.02289
22,6.75,1.29936
22,7.0,1.60731
22,7.25,2.1358
22,7.5,2.41879
22,7.75,3.04059
22,8.0,3.86145
22,8.25,22.0224
22,8.5,22.4551
22,8.75,4.74215
22,9.0,5.92617
22,9.25,5.43374
22,9.5,20.4007
22,9.75,30.9347
22,10.0,18.7025
22,10.25,8.05135
22,10.5,5.9091
22,10.75,6.41216
22,11.0,7.44816
22,11.25,12.9633
22,11.5,10.4774
22,11.75,8.22455
22,12.0,7.30444
22,12.25,6.83797
22,12.5,6.79984
22,12.75,6.86389
22,13.0,6.9923
22,13.25,6.67369
22,13.5,6.88717
22,13.75,6.73585
22,14.0,6.71606
22,14.25,6.61102
22,14.5,6.55919
22,14.75,6.41952
22,15.0,6.38549
22,15.25,6.22649
22,15.5,6.10878
22,15.75,5.93142
22,16.0,5.83009
22,16.25,5.65154
22,16.5,5.46475
22,16.75,5.37089
22,17.0,5.1645
22,17.25,4.97987
22,17.5,4.80899
22,17.75,4.58749
22,18.0,4.44436
22,18.25,4.20684
22,18.5,3.98485
22,18.75,3.84256
22,19.0,3.57431
22,19.25,3.37374
22,19.5,3.14704
22,19.75,2.95381
22,20.0,2.67971
22,20.25,2.46506
22,20.5,2.19665
22,20.75,1.92642
22,21.0,1.64165
22,21.25,1.34335
22,21.5,1.02625
22,21.75,0.641379
22,22.0,0.226021
22,22.25,0.0181517
22,22.5,0.0167267
22,22.75,0.0129557
22,23.0,0.0134927
22,23.25,0.0118676
22,23.5,0.0121701
22,23.75,0.0122841
22,24.0,0.0108301
22,24.25,0.0104336
22,24.5,0.00880015
23,0.25,0.0
23,0.5,0.0
23,0.75,0.0
23,1.0,0.0
23,1.25,0.0
23,1.5,0.0
23,1.75,0.0
23,2.0,0.0
23,2.25,0.0
23,2.5,0.0
23,2.75,0.0
23,3.0,0.0
23,3.25,0.0
23,3.5,0.0
23,3.75,0.0
23,4.0,0.0
23,4.25,0.216638
23,4.5,0.197879
23,4.75,0.194062
23,5.0,0.155901
23,5.25,0.199701
23,5.5,0.216125
23,5.75,0.337251
23,6.0,0.431219
23,6.25,0.74136
23,6.5,0.933782
23,6.75,1.24394
23,7.0,1.45455
23,7.25,2.03483
23,7.5,2.26639
23,7.75,2.85253
23,8.0,3.74035
23,8.25,21.3527
23,8.5,21.9388
23,8.75,4.39331
23,9.0,5.64693
23,9.25,5.13844
23,9.5,20.0041
23,9.75,30.5061
23,10.0,18.3425
23,10.25,7.54403
23,10.5,5.57304
23,10.75,5.99456
23,11.0,7.09814
23,11.25,12.4463
23,11.5,10.0837
23,11.75,7.81801
23,12.0,6.94924
23,12.25,6.38917
23,12.5,6.41711
23,12.75,6.46061
23,13.0,6.53208
23,13.25,6.45943
23,13.5,6.4685
23,13.75,6.44434
23,14.0,6.45356
23,14.25,6.35542
23,14.5,6.24351
23,14.75,6.22304
23,15.0,6.16861
23,15.25,5.98328
23,15.5,5.99545
23,15.75,5.83623
23,16.0,5.68933
23,16.25,5.62228
23,16.5,5.48032
23,16.75,5.27097
23,17.0,5.23126
23,17.25,5.02478
23,17.5,4.91328
23,17.75,4.67756
23,18.0,4.62485
23,18.25,4.35342
23,18.5,4.25022
23,18.75,4.05797
23,19.0,3.92363
23,19.25,3.67687
23,19.5,3.54071
23,19.75,3.31057
23,20.0,3.1776
23,20.25,2.90585
23,20.5,2.79742
23,20.75,2.52888
23,21.0,2.34367
23,21.25,2.13259
23,21.5,1.90328
23,21.75,1.66813
23,22.0,1.47735
23,22.25,1.14251
23,22.5,0.936683
23,22.75,0.534692
23,23.0,0.216193
23,23.25,0.0056408
23,23.5,0.0193076
23,23.75,0.00855574
23,24.0,0.0140728
23,24.25,0.0120632
23,24.5,0.0108508
23,24.75,0.00955609
23,25.0,0.0114915
23,25.25,0.00851204
23,25.5,0.0104723
24,0.25,0.0
24,0.5,0.0
24,0.75,0.0
24,1.0,0.0
24,1.25,0.0
24,1.5,0.0
24,1.75,0.0
24,2.0,0.0
24,2.25,0.0
24,2.5,0.0
24,2.75,0.0
24,3.0,0.0
24,3.25,0.0
24,3.5,0.0
24,3.75,0.0
24,4.0,0.0
24,4.25,0.221315
24,4.5,0.163269
24,4.75,0.189369
24,5.0,0.170597
24,5.25,0.15951
24,5.5,0.231497
24,5.75,0.275266
24,6.0,0.452544
24,6.25,0.669513
24,6.5,0.891413
24,6.75,1.12171
24,7.0,1.4066
24,7.25,1.92616
24,7.5,2.09601
24,7.75,2.69616
24,8.0,3.59729
24,8.25,20.8371
24,8.5,21.4079
24,8.75,4.1584
24,9.0,5.31632
24,9.25,4.87701
24,9.5,19.736
24,9.75,30.1544
24,10.0,17.785
24,10.25,7.238
24,10.5,5.2625
24,10.75,5.71109
24,11.0,6.67289
24,11.25,12.1139
24,11.5,9.7055
24,11.75,7.48575
24,12.0,6.64026
24,12.25,6.10208
24,12.5,6.05776
24,12.75,6.15971
24,13.0,6.2091
24,13.25,6.19303
24,13.5,6.12473
24,13.75,6.11158
24,14.0,6.18973
24,14.25,6.06142
24,14.5,6.08134
24,14.75,6.00281
24,15.0,5.97488
24,15.25,5.79466
24,15.5,5.79612
24,15.75,5.67864
24,16.0,5.57597
24,16.25,5.5274
24,16.5,5.35009
24,16.75,5.31326
24,17.0,5.0832
24,17.25,5.07085
24,17.5,4.83467
24,17.75,4.80381
24,18.0,4.6141
24,18.25,4.48998
24,18.5,4.29617
24,18.75,4.2088
24,19.0,4.04013
24,19.25,3.88962
24,19.5,3.76192
24,19.75,3.5944
24,20.0,3.42587
24,20.25,3.25528
24,20.5,3.08489
24,20.75,2.94931
24,21.0,2.7526
24,21.25,2.594
24,21.5,2.43522
24,21.75,2.20628
24,22.0,2.07315
24,22.25,1.87617
24,22.5,1.68867
24,22.75,1.45665
24,23.0,1.28055
24,23.25,0.991591
24,23.5,0.80483
24,23.75,0.483466
24,24.0,0.18039
24,24.25,0.00606647
24,24.5,0.0152604
24,24.75,0.0115506
24,25.0,0.00860408
24,25.25,0.0124109
24,25.5,0.00779507
24,25.75,0.0115245
24,26.0,0.00760858
24,26.25,0.00952943
24,26.5,0.00855043
25,0.25,0.0
25,0.5,0.0
25,0.75,0.0
25,1.0,0.0
25,1.25,0.0
25,1.5,0.0
25,1.75,0.0
25,2.0,0.0
25,2.25,0.0
25,2.5,0.0
25,2.75,0.0
25,3.0,0.0
25,3.25,0.0
25,3.5,0.0
25,3.75,0.0
25,4.0,0.0
25,4.25,0.176579
25,4.5,0.206496
25,4.75,0.165743
25,5.0,0.143538
25,5.25,0.187818
25,5.5,0.232582
25,5.75,0.286164
25,6.0,0.410057
25,6.25,0.635447
25,6.5,0.872212
25,6.75,1.04342
25,7.0,1.33008
25,7.25,1.8027
25,7.5,2.03961
25,7.75,2.55006
25,8.0,3.36687
25,8.25,20.4875
25,8.5,20.9685
25,8.75,3.97549
25,9.0,5.03489
25,9.25,4.64284
25,9.5,19.2954
25,9.75,29.9621
25,10.0,17.3607
25,10.25,7.02006
25,10.5,4.88133
25,10.75,5.43816
25,11.0,6.40071
25,11.25,11.615
25,11.5,9.40647
25,11.75,7.18169
25,12.0,6.24095
25,12.25,5.81887
25,12.5,5.73981
25,12.75,5.82335
25,13.0,5.97779
25,13.25,5.82686
25,13.5,5.93154
25,13.75,5.91136
25,14.0,5.86602
25,14.25,5.87484
25,14.5,5.82416
25,14.75,5.81286
25,15.0,5.68951
25,15.25,5.67689
25,15.5,5.64836
25,15.75,5.55471
25,16.0,5.44738
25,16.25,5.38298
25,16.5,5.28768
25,16.75,5.13516
25,17.0,5.09236
25,17.25,4.98125
25,17.5,4.81189
25,17.75,4.78704
25,18.0,4.60867
25,18.25,4.44957
25,18.5,4.42229
25,18.75,4.25864
25,19.0,4.15586
25,19.25,3.99998
25,19.5,3.85986
25,19.75,3.73192
25,20.0,3.58186
25,20.25,3.53252
25,20.5,3.28583
25,20.75,3.1579
25,21.0,3.03641
25,21.25,2.90695
25,21.5,2.71558
25,21.75,2.58007
25,22.0,2.47248
25,22.25,2.26661
25,22.5,2.19646
25,22.75,1.92375
25,23.0,1.87094
25,23.25,1.6012
25,23.5,1.47449
25,23.75,1.31139
25,24.0,1.10174
25,24.25,0.881559
25,24.5,0.712524
25,24.75,0.413632
25,25.0,0.150363
25,25.25,0.0134926
25,25.5,0.00868713
25,25.75,0.00874617
25,26.0,0.00665721
25,26.25,0.00698128
25,26.5,0.00679121
25,26.75,0.00696453
25,27.0,0.00580506
25,27.25,0.00699583
25,27.5,0.00381773
26,0.25,0.0
26,0.5,0.0
26,0.75,0.0
26,1.0,0.0
26,1.25,0.0
26,1.5,0.0
26,1.75,0.0
26,2.0,0.0
26,2.25,0.0
26,2.5,0.0
26,2.75,0.0
26,3.0,0.0
26,3.25,0.0
26,3.5,0.0
26,3.75,0.0
26,4.0,0.0
26,4.25,0.235447
26,4.5,0.151332
26,4.75,0.158789
26,5.0,0.119119
26,5.25,0.186642
26,5.5,0.208795
26,5.75,0.273907
26,6.0,0.374875
26,6.25,0.623198
26,6.5,0.792646
26,6.75,0.980606
26,7.0,1.25687
26,7.25,1.71222
26,7.5,1.91428
26,7.75,2.47281
26,8.0,3.21431
26,8.25,19.9356
26,8.5,20.5551
26,8.75,3.82241
26,9.0,4.89246
26,9.25,4.38744
26,9.5,19.1455
26,9.75,29.5013
26,10.0,17.0004
26,10.25,6.71872
26,10.5,4.69797
26,10.75,5.07778
26,11.0,6.16595
26,11.25,11.3206
26,11.5,9.09782
26,11.75,6.90675
26,12.0,5.95945
26,12.25,5.56091
26,12.5,5.48552
26,12.75,5.59301
26,13.0,5.68448
26,13.25,5.70424
26,13.5,5.56839
26,13.75,5.77982
26,14.0,5.61232
26,14.25,5.66478
26,14.5,5.61687
26,14.75,5.61983
26,15.0,5.54154
26,15.25,5.45871
26,15.5,5.47662
26,15.75,5.40705
26,16.0,5.3112
26,16.25,5.25946
26,16.5,5.1335
26,16.75,5.05854
26,17.0,4.99865
26,17.25,4.91301
26,17.5,4.79809
26,17.75,4.7244
26,18.0,4.57512
26,18.25,4.48657
26,18.5,4.34377
26,18.75,4.30141
26,19.0,4.10555
26,19.25,4.07174
26,19.5,3.94912
26,19.75,3.84052
26,20.0,3.68118
26,20.25,3.64363
26,20.5,3.42867
26,20.75,3.3621
26,21.0,3.18998
26,21.25,3.10083
26,21.5,2.96715
26,21.75,2.82783
26,22.0,2.73039
26,22.25,2.55746
26,22.5,2.46455
26,22.75,2.3096
26,23.0,2.16544
26,23.25,2.03921
26,23.5,1.91524
26,23.75,1.73892
26,24.0,1.57747
26,24.25,1.48481
26,24.5,1.26433
26,24.75,1.15444
26,25.0,0.972751
26,25.25,0.766623
26,25.5,0.608315
26,25.75,0.356953
26,26.0,0.117651
26,26.25,0.00671572
26,26.5,0.0129881
26,26.75,0.00477763
26,27.0,0.00783198
26,27.25,0.00686059
26,27.5,0.00656153
26,27.75,0.00674883
26,28.0,0.00514931
26,28.25,0.00487658
26,28.5,0.00606811
27,0.25,0.0
27,0.5,0.0
27,0.75,0.0
27,1.0,0.0
27,1.25,0.0
27,1.5,0.0
27,1.75,0.0
27,2.0,0.0
27,2.25,0.0
27,2.5,0.0
27,2.75,0.0
27,3.0,0.0
27,3.25,0.0
27,3.5,0.0
27,3.75,0.0
27,4.0,0.0
27,4.25,0.183411
27,4.5,0.137059
27,4.75,0.182696
27,5.0,0.131152
27,5.25,0.198342
27,5.5,0.166773
27,5.75,0.296443
27,6.0,0.298578
27,6.25,0.587306
27,6.5,0.765645
27,6.75,0.910444
27,7.0,1.19314
27,7.25,1.65044
27,7.5,1.80282
27,7.75,2.42124
27,8.0,3.10862
27,8.25,19.5217
27,8.5,20.164
27,8.75,3.61788
27,9.0,4.70023
27,9.25,4.24381
27,9.5,18.8026
27,9.75,29.0645
27,10.0,16.7213
27,10.25,6.50236
27,10.5,4.47
27,10.75,4.85321
27,11.0,5.86138
27,11.25,11.0016
27,11.5,8.83577
27,11.75,6.56138
27,12.0,5.69329
27,12.25,5.32807
27,12.5,5.20498
27,12.75,5.40322
27,13.0,5.46509
27,13.25,5.34451
27,13.5,5.47933
27,13.75,5.41575
27,14.0,5.48036
27,14.25,5.48707
27,14.5,5.35705
27,14.75,5.47704
27,15.0,5.34949
27,15.25,5.33773
27,15.5,5.31602
27,15.75,5.23007
27,16.0,5.215
27,16.25,5.08029
27,16.5,5.06331
27,16.75,4.92896
27,17.0,4.92564
27,17.25,4.78603
27,17.5,4.74105
27,17.75,4.65708
27,18.0,4.63547
27,18.25,4.40655
27,18.5,4.35175
27,18.75,4.33813
27,19.0,4.13342
27,19.25,4.06487
27,19.5,3.99153
27,19.75,3.86277
27,20.0,3.76936
27,20.25,3.65945
27,20.5,3.55846
27,20.75,3.41029
27,21.0,3.38275
27,21.25,3.19751
27,21.5,3.11369
27,21.75,3.00378
27,22.0,2.91148
27,22.25,2.77378
27,22.5,2.66751
27,22.75,2.55237
27,23.0,2.43458
27,23.25,2.29711
27,23.5,2.20413
27,23.75,2.0668
27,24.0,1.94694
27,24.25,1.82119
27,24.5,1.70499
27,24.75,1.5503
27,25.0,1.43177
27,25.25,1.31359
27,25.5,1.16359
27,25.75,0.999205
27,26.0,0.850632
27,26.25,0.704791
27,26.5,0.521839
27,26.75,0.32148
27,27.0,0.0939937
27,27.25,0.0153616
27,27.5,0.00526086
27,27.75,0.00642182
27,28.0,0.00675142
27,28.25,0.00604552
27,28.5,0.00415613
27,28.75,0.0072463
27,29.0,0.00352431
27,29.25,0.00755692
27,29.5,0.00336147
28,0.25,0.0
28,0.5,0.0
28,0.75,0.0
28,1.0,0.0
28,1.25,0.0
28,1.5,0.0
28,1.75,0.0
28,2.0,0.0
28,2.25,0.0
28,2.5,0.0
28,2.75,0.0
28,3.0,0.0
28,3.25,0.0
28,3.5,0.0
28,3.75,0.0
28,4.0,0.0
28,4.25,0.151087
28,4.5,0.20653
28,4.75,0.123125
28,5.0,0.18295
28,5.25,0.126735
28,5.5,0.194197
28,5.75,0.25046
28,6.0,0.327346
28,6.25,0.546952
28,6.5,0.720192
28,6.75,0.918907
28,7.0,1.08334
28,7.25,1.59602
28,7.5,1.74205
28,7.75,2.27869
28,8.0,2.97575
28,8.25,19.2583
28,8.5,19.7284
28,8.75,3.47428
28,9.0,4.51626
28,9.25,3.98687
28,9.5,18.4815
28,9.75,28.8228
28,10.0,16.3527
28,10.25,6.22045
28,10.5,4.18674
28,10.75,4.66834
28,11.0,5.61021
28,11.25,10.7363
28,11.5,8.59126
28,11.75,6.35283
28,12.0,5.4716
28,12.25,5.01611
28,12.5,4.96065
28,12.75,5.19858
28,13.0,5.17716
28,13.25,5.1935
28,13.5,5.25283
28,13.75,5.23119
28,14.0,5.23609
28,14.25,5.24714
28,14.5,5.30614
28,14.75,5.19737
28,15.0,5.24688
28,15.25,5.15808
28,15.5,5.142
28,15.75,5.09026
28,16.0,5.04412
28,16.25,5.0236
28,16.5,4.9364
28,16.75,4.87255
28,17.0,4.83679
28,17.25,4.70994
28,17.5,4.7136
28,17.75,4.56794
28,18.0,4.48369
28,18.25,4.47648
28,18.5,4.3124
28,18.75,4.2369
28,19.0,4.21043
28,19.25,4.08576
28,19.5,3.96829
28,19.75,3.89537
28,20.0,3.8117
28,20.25,3.67527
28,20.5,3.66182
28,20.75,3.48455
28,21.0,3.47253
28,21.25,3.31769
28,21.5,3.20575
28,21.75,3.1024
28,22.0,3.06264
28,22.25,2.90601
28,22.5,2.79099
28,22.75,2.72414
28,23.0,2.59236
28,23.25,2.53667
28,23.5,2.37228
28,23.75,2.30144
28,24.0,2.18272
28,24.25,2.06654
28,24.5,1.98045
28,24.75,1.85998
28,25.0,1.72296
28,25.25,1.6471
28,25.5,1.54422
28,25.75,1.39294
28,26.0,1.28221
28,26.25,1.15389
28,26.5,1.06259
28,26.75,0.891427
28,27.0,0.756067
28,27.25,0.650244
28,27.5,0.451696
28,27.75,0.295371
28,28.0,0.0784847
28,28.25,0.0102835
28,28.5,0.0042476
28,28.75,0.00681913
28,29.0,0.00450013
28,29.25,0.00466765
28,29.5,0.00397203
28,29.75,0.00430324
28,30.0,0.00399657
28,30.25,0.00298129
28,30.5,0.00569601
29,0.25,0.0
29,0.5,0.0
29,0.75,0.0
29,1.0,0.0
29,1.25,0.0
29,1.5,0.0
29,1.75,0.0
29,2.0,0.0
29,2.25,0.0
29,2.5,0.0
29,2.75,0.0
29,3.0,0.0
29,3.25,0.0
29,3.5,0.0
29,3.75,0.0
29,4.0,0.0
29,4.25,0.173139
29,4.5,0.100332
29,4.75,0.178771
29,5.0,0.116678
29,5.25,0.138441
29,5.5,0.193068
29,5.75,0.203251
29,6.0,0.345192
29,6.25,0.543991
29,6.5,0.695465
29,6.75,0.869559
29,7.0,1.04101
29,7.25,1.50603
29,7.5,1.70003
29,7.75,2.17859
29,8.0,2.86523
29,8.25,18.8386
29,8.5,19.479
29,8.75,3.24506
29,9.0,4.39694
29,9.25,3.8377
29,9.5,18.2825
29,9.75,28.5797
29,10.0,16.0059
29,10.25,6.07233
29,10.5,4.03943
29,10.75,4.50517
29,11.0,5.41954
29,11.25,10.4842
29,11.5,8.24308
29,11.75,6.20367
29,12.0,5.28444
29,12.25,4.81265
29,12.5,4.86466
29,12.75,4.8836
29,13.0,5.04774
29,13.25,4.88758
29,13.5,5.07324
29,13.75,5.05158
29,14.0,5.0664
29,14.25,5.0774
29,14.5,5.11844
29,14.75,5.01921
29,15.0,5.06544
29,15.25,4.98969
29,15.5,5.01831
29,15.75,4.96882
29,16.0,4.9178
29,16.25,4.84282
29,16.5,4.83622
29,16.75,4.76707
29,17.0,4.71783
29,17.25,4.61191
29,17.5,4.62454
29,17.75,4.48593
29,18.0,4.47787
29,18.25,4.37192
29,18.5,4.29222
29,18.75,4.21094
29,19.0,4.08642
29,19.25,4.07693
29,19.5,4.00603
29,19.75,3.86364
29,20.0,3.85246
29,20.25,3.66698
29,20.5,3.67062
29,20.75,3.55784
29,21.0,3.47516
29,21.25,3.33525
29,21.5,3.31351
29,21.75,3.18905
29,22.0,3.13963
29,22.25,3.00277
29,22.5,2.90067
29,22.75,2.84422
29,23.0,2.71029
29,23.25,2.65823
29,23.5,2.53369
29,23.75,2.4508
29,24.0,2.36379
29,24.25,2.22338
29,24.5,2.18409
29,24.75,2.05006
29,25.0,1.98699
29,25.25,1.86127
29,25.5,1.75981
29,25.75,1.69525
29,26.0,1.53955
29,26.25,1.49725
29,26.5,1.35874
29,26.75,1.29676
29,27.0,1.1283
29,27.25,1.06425
29,27.5,0.923777
29,27.75,0.826325
29,28.0,0.678948
29,28.25,0.572984
29,28.5,0.406851
29,28.75,0.265929
29,29.0,0.0692491
29,29.25,0.00967744
29,29.5,0.00330132
29,29.75,0.00617229
29,30.0,0.00123491
29,30.25,0.00647111
29,30.5,0.00285002
29,30.75,0.00290612
29,31.0,0.00524074
29,31.25,0.00115137
29,31.5,0.00537721
30,0.25,0.0
30,0.5,0.0
30,0.75,0.0
30,1.0,0.0
30,1.25,0.0
30,1.5,0.0
30,1.75,0.0
30,2.0,0.0
30,2.25,0.0
30,2.5,0.0
30,2.75,0.0
30,3.0,0.0
30,3.25,0.0
30,3.5,0.0
30,3.75,0.0
30,4.0,0.0
30,4.25,0.158279
30,4.5,0.138175
30,4.75,0.139688
30,5.0,0.106696
30,5.25,0.151405
30,5.5,0.175232
30,5.75,0.229213
30,6.0,0.272743
30,6.25,0.519616
30,6.5,0.656254
30,6.75,0.824019
30,7.0,0.995796
30,7.25,1.46799
30,7.5,1.57048
30,7.75,2.151
30,8.0,2.71676
30,8.25,18.615
30,8.5,19.0087
30,8.75,3.19306
30,9.0,4.25075
30,9.25,3.74459
30,9.5,17.9902
30,9.75,28.2862
30,10.0,15.6872
30,10.25,5.84132
30,10.5,3.86265
30,10.75,4.24348
30,11.0,5.28045
30,11.25,10.1264
30,11.5,8.0676
30,11.75,5.97294
30,12.0,5.01996
30,12.25,4.70383
30,12.5,4.58826
30,12.75,4.74042
30,13.0,4.79972
30,13.25,4.75129
30,13.5,4.82029
30,13.75,4.90325
30,14.0,4.92475
30,14.25,4.9034
30,14.5,4.94425
30,14.75,4.85781
30,15.0,4.9884
30,15.25,4.78528
30,15.5,4.86849
30,15.75,4.88979
30,16.0,4.7667
30,16.25,4.75405
30,16.5,4.771
30,16.75,4.63774
30,17.0,4.6373
30,17.25,4.58038
30,17.5,4.47223
30,17.75,4.45439
30,18.0,4.36649
30,18.25,4.31205
30,18.5,4.23174
30,18.75,4.13967
30,19.0,4.10934
30,19.25,4.02767
30,19.5,3.93835
30,19.75,3.87689
30,20.0,3.80379
30,20.25,3.70913
30,20.5,3.69396
30,20.75,3.55212
30,21.0,3.52291
30,21.25,3.37418
30,21.5,3.34943
30,21.75,3.25745
30,22.0,3.166
30,22.25,3.12151
30,22.5,2.96717
30,22.75,2.90024
30,23.0,2.84451
30,23.25,2.75069
30,23.5,2.67728
30,23.75,2.56864
30,24.0,2.51245
30,24.25,2.41052
30,24.5,2.29045
30,24.75,2.26538
30,25.0,2.12373
30,25.25,2.08812
30,25.5,1.96422
30,25.75,1.91902
30,26.0,1.77876
30,26.25,1.68675
30,26.5,1.63636
30,26.75,1.5165
30,27.0,1.42421
30,27.25,1.36608
30,27.5,1.19054
30,27.75,1.18067
30,28.0,1.02461
30,28.25,0.969337
30,28.5,0.810379
30,28.75,0.751758
30,29.0,0.606083
30,29.25,0.509251
30,29.5,0.373667
30,29.75,0.226515
30,30.0,0.0720801
30,30.25,0.00348492
30,30.5,0.00413517
30,30.75,0.00439876
30,31.0,0.00316993
30,31.25,0.0033509
30,31.5,0.00303489
30,31.75,0.00468536
30,32.0,0.00191914
30,32.25,0.00442321
30,32.5,0.00192316
31,0.25,0.0
31,0.5,0.0
31,0.75,0.0
31,1.0,0.0
31,1.25,0.0
31,1.5,0.0
31,1.75,0.0
31,2.0,0.0
31,2.25,0.0
31,2.5,0.0
31,2.75,0.0
31,3.0,0.0
31,3.25,0.0
31,3.5,0.0
31,3.75,0.0
31,4.0,0.0
31,4.25,0.165614
31,4.5,0.08427
31,4.75,0.135077
31,5.0,0.108156
31,5.25,0.164753
31,5.5,0.140475
31,5.75,0.211284
31,6.0,0.279672
31,6.25,0.484346
31,6.5,0.63906
31,6.75,0.741008
31,7.0,0.950459
31,7.25,1.42679
31,7.5,1.50943
31,7.75,2.09399
31,8.0,2.64416
31,8.25,18.2734
31,8.5,18.7474
31,8.75,2.95725
31,9.0,4.13155
31,9.25,3.52607
31,9.5,17.8846
31,9.75,27.8907
31,10.0,15.4289
31,10.25,5.67136
31,10.5,3.707
31,10.75,4.10183
31,11.0,5.13003
31,11.25,10.0234
31,11.5,7.88954
31,11.75,5.73903
31,12.0,4.87174
31,12.25,4.46759
31,12.5,4.42664
31,12.75,4.53925
31,13.0,4.61003
31,13.25,4.57014
31,13.5,4.73971
31,13.75,4.69549
31,14.0,4.74805
31,14.25,4.80413
31,14.5,4.74021
31,14.75,4.76841
31,15.0,4.76523
31,15.25,4.75754
31,15.5,4.7164
31,15.75,4.74569
31,16.0,4.63626
31,16.25,4.63331
31,16.5,4.62526
31,16.75,4.58001
31,17.0,4.54986
31,17.25,4.49506
31,17.5,4.41621
31,17.75,4.34196
31,18.0,4.28184
31,18.25,4.14474
31,18.5,4.24225
31,18.75,4.03143
31,19.0,4.10214
31,19.25,3.95796
31,19.5,3.97334
31,19.75,3.81166
31,20.0,3.82787
31,20.25,3.69974
31,20.5,3.63228
31,20.75,3.56538
31,21.0,3.48071
31,21.25,3.42809
31,21.5,3.35813
31,21.75,3.28316
31,22.0,3.21433
31,22.25,3.16261
31,22.5,2.98033
31,22.75,3.05125
31,23.0,2.87686
31,23.25,2.82498
31,23.5,2.76726
31,23.75,2.67098
31,24.0,2.60585
31,24.25,2.49836
31,24.5,2.48312
31,24.75,2.29957
31,25.0,2.32694
31,25.25,2.14885
31,25.5,2.14115
31,25.75,2.01438
31,26.0,1.92507
31,26.25,1.92501
31,26.5,1.75278
31,26.75,1.76691
31,27.0,1.61847
31,27.25,1.56762
31,27.5,1.43266
31,27.75,1.42828
31,28.0,1.28209
31,28.25,1.19745
31,28.5,1.13372
31,28.75,1.03305
31,29.0,0.949841
31,29.25,0.856088
31,29.5,0.773868
31,29.75,0.658606
31,30.0,0.57546
31,30.25,0.457682
31,30.5,0.344819
31,30.75,0.211385
31,31.0,0.0606223
31,31.25,0.00548544
31,31.5,0.00312701
31,31.75,0.00471145
31,32.0,0.00371779
31,32.25,0.00283376
31,32.5,0.00251152
31,32.75,0.0047772
31,33.0,0.00190381
31,33.25,0.00358209
31,33.5,0.00367649
32,0.25,0.0
32,0.5,0.0
32,0.75,0.0
32,1.0,0.0
32,1.25,0.0
32,1.5,0.0
32,1.75,0.0
32,2.0,0.0
32,2.25,0.0
32,2.5,0.0
32,2.75,0.0
32,3.0,0.0
32,3.25,0.0
32,3.5,0.0
32,3.75,0.0
32,4.0,0.0
32,4.25,0.121874
32,4.5,0.145772
32,4.75,0.108286
32,5.0,0.0823768
32,5.25,0.132016
32,5.5,0.163811
32,5.75,0.148923
32,6.0,0.292752
32,6.25,0.460798
32,6.5,0.57571
32,6.75,0.717991
32,7.0,0.946192
32,7.25,1.30733
32,7.5,1.48709
32,7.75,1.99517
32,8.0,2.52668
32,8.25,17.6369
32,8.5,18.4275
32,8.75,2.90569
32,9.0,3.99986
32,9.25,3.41941
32,9.5,17.4951
32,9.75,27.5527
32,10.0,15.2459
32,10.25,5.49565
32,10.5,3.55454
32,10.75,3.93127
32,11.0,4.94531
32,11.25,9.70644
32,11.5,7.62964
32,11.75,5.67466
32,12.0,4.66069
32,12.25,4.36092
32,12.5,4.20372
32,12.75,4.42323
32,13.0,4.48544
32,13.25,4.48622
32,13.5,4.52944
32,13.75,4.6171
32,14.0,4.64612
32,14.25,4.56968
32,14.5,4.72613
32,14.75,4.56495
32,15.0,4.65458
32,15.25,4.6252
32,15.5,4.60477
32,15.75,4.64856
32,16.0,4.53383
32,16.25,4.60309
32,16.5,4.51094
32,16.75,4.45676
32,17.0,4.43973
32,17.25,4.40457
32,17.5,4.3304
32,17.75,4.26744
32,18.0,4.22287
32,18.25,4.20783
32,18.5,4.13496
32,18.75,4.07742
32,19.0,4.05956
32,19.25,3.90799
32,19.5,3.85347
32,19.75,3.85697
32,20.0,3.80341
32,20.25,3.71108
32,20.5,3.64381
32,20.75,3.61585
32,21.0,3.46328
32,21.25,3.50246
32,21.5,3.34904
32,21.75,3.30628
32,22.0,3.26615
32,22.25,3.13998
32,22.5,3.10506
32,22.75,3.04581
32,23.0,2.95281
32,23.25,2.83556
32,23.5,2.85762
32,23.75,2.68634
32,24.0,2.69109
32,24.25,2.60099
32,24.5,2.47793
32,24.75,2.51954
32,25.0,2.36912
32,25.25,2.27895
32,25.5,2.23675
32,25.75,2.15239
32,26.0,2.08586
32,26.25,2.00162
32,26.5,1.93919
32,26.75,1.87182
32,27.0,1.75411
32,27.25,1.73044
32,27.5,1.64329
32,27.75,1.57441
32,28.0,1.50453
32,28.25,1.37015
32,28.5,1.36546
32,28.75,1.24303
32,29.0,1.19068
32,29.25,1.1171
32,29.5,1.03784
32,29.75,0.959756
32,30.0,0.870776
32,30.25,0.765199
32,30.5,0.715806
32,30.75,0.590485
32,31.0,0.533548
32,31.25,0.42152
32,31.5,0.315376
32,31.75,0.185703
32,32.0,0.0629351
32,32.25,0.00468875
32,32.5,0.00322649
32,32.75,0.00235643
32,33.0,0.00364666
32,33.25,0.00318446
32,33.5,0.00277277
32,33.75,0.00299107
32,34.0,0.00288048
32,34.25,0.00194283
32,34.5,0.00249115
33,0.25,0.0
33,0.5,0.0
33,0.75,0.0
33,1.0,0.0
33,1.25,0.0
33,1.5,0.0
33,1.75,0.0
33,2.0,0.0
33,2.25,0.0
33,2.5,0.0
33,2.75,0.0
33,3.0,0.0
33,3.25,0.0
33,3.5,0.0
33,3.75,0.0
33,4.0,0.0
33,4.25,0.193056
33,4.5,0.0468123
33,4.75,0.162422
33,5.0,0.127024
33,5.25,0.0904025
33,5.5,0.148475
33,5.75,0.160838
33,6.0,0.260568
33,6.25,0.449387
33,6.5,0.544963
33,6.75,0.728418
33,7.0,0.863006
33,7.25,1.29005
33,7.5,1.45957
33,7.75,1.89853
33,8.0,2.55753
33,8.25,17.1833
33,8.5,18.2169
33,8.75,2.7477
33,9.0,3.94904
33,9.25,3.26954
33,9.5,17.2973
33,9.75,27.112
33,10.0,15.1722
33,10.25,5.33074
33,10.5,3.44003
33,10.75,3.83579
33,11.0,4.76689
33,11.25,9.50905
33,11.5,7.45963
33,11.75,5.44415
33,12.0,4.55628
33,12.25,4.15422
33,12.5,4.12807
33,12.75,4.21189
33,13.0,4.372
33,13.25,4.31732
33,13.5,4.41565
33,13.75,4.45232
33,14.0,4.4487
33,14.25,4.51999
33,14.5,4.40426
33,14.75,4.56427
33,15.0,4.39431
33,15.25,4.57918
33,15.5,4.49719
33,15.75,4.50623
33,16.0,4.42474
33,16.25,4.45295
33,16.5,4.3944
33,16.75,4.3897
33,17.0,4.35823
33,17.25,4.28453
33,17.5,4.28502
33,17.75,4.24649
33,18.0,4.14002
33,18.25,4.13461
33,18.5,4.06289
33,18.75,4.03046
33,19.0,3.97265
33,19.25,3.90851
33,19.5,3.91944
33,19.75,3.7358
33,20.0,3.7496
33,20.25,3.65705
33,20.5,3.63824
33,20.75,3.55288
33,21.0,3.50948
33,21.25,3.41559
33,21.5,3.35827
33,21.75,3.32261
33,22.0,3.2622
33,22.25,3.17334
33,22.5,3.15669
33,22.75,2.99084
33,23.0,3.02647
33,23.25,2.89481
33,23.5,2.82619
33,23.75,2.81093
33,24.0,2.70186
33,24.25,2.63461
33,24.5,2.60928
33,24.75,2.53112
33,25.0,2.4405
33,25.25,2.38416
33,25.5,2.30611
33,25.75,2.24071
33,26.0,2.19844
33,26.25,2.08889
33,26.5,2.0537
33,26.75,1.95842
33,27.0,1.93705
33,27.25,1.84758
33,27.5,1.78455
33,27.75,1.70233
33,28.0,1.65715
33,28.25,1.58688
33,28.5,1.49957
33,28.75,1.42999
33,29.0,1.37127
33,29.25,1.31106
33,29.5,1.2417
33,29.75,1.13159
33,30.0,1.08419
33,30.25,1.03667
33,30.5,0.905817
33,30.75,0.918368
33,31.0,0.77863
33,31.25,0.722317
33,31.5,0.62436
33,31.75,0.560438
33,32.0,0.478271
33,32.25,0.380807
33,32.5,0.294316
33,32.75,0.168436
33,33.0,0.048104
33,33.25,0.00176861
33,33.5,0.00482
33,33.75,0.00366162
33,34.0,0.00315917
33,34.25,0.00426012
33,34.5,0.000682216
33,34.75,0.00383243
33,35.0,0.00123505
33,35.25,0.00338348
33,35.5,0.00126758
34,0.25,0.0
34,0.5,0.0
34,0.75,0.0
34,1.0,0.0
34,1.25,0.0
34,1.5,0.0
34,1.75,0.0
34,2.0,0.0
34,2.25,0.0
34,2.5,0.0
34,2.75,0.0
34,3.0,0.0
34,3.25,0.0
34,3.5,0.0
34,3.75,0.0
34,4.0,0.0
34,4.25,0.063124
34,4.5,0.136417
34,4.75,0.0860339
34,5.0,0.114626
34,5.25,0.102003
34,5.5,0.131839
34,5.75,0.18576
34,6.0,0.254861
34,6.25,0.388025
34,6.5,0.562937
34,6.75,0.68755
34,7.0,0.826315
34,7.25,1.24326
34,7.5,1.37841
34,7.75,1.87345
34,8.0,2.50596
34,8.25,17.1766
34,8.5,17.6525
34,8.75,2.79682
34,9.0,3.77462
34,9.25,3.16871
34,9.5,17.1841
34,9.75,26.7591
34,10.0,14.9115
34,10.25,5.15452
34,10.5,3.39378
34,10.75,3.65105
34,11.0,4.60586
34,11.25,9.32929
34,11.5,7.3339
34,11.75,5.27892
34,12.0,4.44312
34,12.25,4.01476
34,12.5,3.96269
34,12.75,4.15167
34,13.0,4.1642
34,13.25,4.30587
34,13.5,4.2225
34,13.75,4.31842
34,14.0,4.32279
34,14.25,4.32891
34,14.5,4.37441
34,14.75,4.37553
34,15.0,4.39402
34,15.25,4.36818
34,15.5,4.42387
34,15.75,4.3163
34,16.0,4.36103
34,16.25,4.36336
34,16.5,4.23279
34,16.75,4.30352
34,17.0,4.27351
34,17.25,4.18971
34,17.5,4.18744
34,17.75,4.10757
34,18.0,4.05413
34,18.25,4.08297
34,18.5,3.98585
34,18.75,3.95179
34,19.0,3.93332
34,19.25,3.85583
34,19.5,3.84847
34,19.75,3.73462
34,20.0,3.69886
34,20.25,3.61515
34,20.5,3.64499
34,20.75,3.50535
34,21.0,3.49552
34,21.25,3.41519
34,21.5,3.3483
34,21.75,3.33624
34,22.0,3.25123
34,22.25,3.23944
34,22.5,3.08967
34,22.75,3.0669
34,23.0,2.96368
34,23.25,2.97984
34,23.5,2.82176
34,23.75,2.80743
34,24.0,2.76855
34,24.25,2.67352
34,24.5,2.66216
34,24.75,2.57909
34,25.0,2.47266
34,25.25,2.49605
34,25.5,2.36752
34,25.75,2.29179
34,26.0,2.30396
34,26.25,2.16116
34,26.5,2.14622
34,26.75,2.08506
34,27.0,2.01317
34,27.25,1.94091
34,27.5,1.9055
34,27.75,1.81418
34,28.0,1.75733
34,28.25,1.731
34,28.5,1.60775
34,28.75,1.57629
34,29.0,1.51727
34,29.25,1.45884
34,29.5,1.39146
34,29.75,1.29913
34,30.0,1.27873
34,30.25,1.1928
34,30.5,1.11774
34,30.75,1.05801
34,31.0,0.991175
34,31.25,0.928183
34,31.5,0.885089
34,31.75,0.789673
34,32.0,0.751367
34,32.25,0.650706
34,32.5,0.584069
34,32.75,0.520565
34,33.0,0.436748
34,33.25,0.342093
34,33.5,0.264112
34,33.75,0.157417
34,34.0,0.0583866
34,34.25,8.28329e-06
34,34.5,0.00558018
34,34.75,0.00213041
34,35.0,0.00379436
34,35.25,0.00327053
34,35.5,0.00271354
34,35.75,0.00180788
34,36.0,0.00414426
34,36.25,0.00116925
34,36.5,0.00336652
35,0.25,0.0
35,0.5,0.0
35,0.75,0.0
35,1.0,0.0
35,1.25,0.0
35,1.5,0.0
35,1.75,0.0
35,2.0,0.0
35,2.25,0.0
35,2.5,0.0
35,2.75,0.0
35,3.0,0.0
35,3.25,0.0
35,3.5,0.0
35,3.75,0.0
35,4.0,0.0
35,4.25,0.136866
35,4.5,0.0951647
35,4.75,0.0841205
35,5.0,0.112244
35,5.25,0.119039
35,5.5,0.116166
35,5.75,0.201885
35,6.0,0.218839
35,6.25,0.405906
35,6.5,0.518974
35,6.75,0.641826
35,7.0,0.824384
35,7.25,1.1947
35,7.5,1.3415
35,7.75,1.80316
35,8.0,2.53754
35,8.25,16.7541
35,8.5,17.4306
35,8.75,2.63706
35,9.0,3.73722
35,9.25,3.14802
35,9.5,16.8783
35,9.75,26.5942
35,10.0,14.5323
35,10.25,5.11805
35,10.5,3.21262
35,10.75,3.57214
35,11.0,4.4406
35,11.25,9.12693
35,11.5,7.08077
35,11.75,5.16487
35,12.0,4.3195
35,12.25,3.89183
35,12.5,3.86737
35,12.75,3.97226
35,13.0,4.06486
35,13.25,3.99564
35,13.5,4.15819
35,13.75,4.19853
35,14.0,4.15498
35,14.25,4.24241
35,14.5,4.30053
35,14.75,4.25655
35,15.0,4.27139
35,15.25,4.27425
35,15.5,4.28532
35,15.75,4.23961
35,16.0,4.29866
35,16.25,4.197
35,16.5,4.28405
35,16.75,4.16475
35,17.0,4.17486
35,17.25,4.13459
35,17.5,4.06496
35,17.75,4.11681
35,18.0,4.00064
35,18.25,4.03743
35,18.5,3.89486
35,18.75,3.92193
35,19.0,3.83779
35,19.25,3.84293
35,19.5,3.76466
35,19.75,3.74178
35,20.0,3.6774
35,20.25,3.61804
35,20.5,3.53473
35,20.75,3.49719
35,21.0,3.4472
35,21.25,3.42269
35,21.5,3.33789
35,21.75,3.28222
35,22.0,3.23258
35,22.25,3.21001
35,22.5,3.12137
35,22.75,3.05802
35,23.0,2.99436
35,23.25,2.95416
35,23.5,2.86737
35,23.75,2.83239
35,24.0,2.82779
35,24.25,2.67967
35,24.5,2.68582
35,24.75,2.57372
35,25.0,2.59865
35,25.25,2.4684
35,25.5,2.4518
35,25.75,2.36926
35,26.0,2.32056
35,26.25,2.23591
35,26.5,2.21766
35,26.75,2.13891
35,27.0,2.09278
35,27.25,2.02835
35,27.5,1.99636
35,27.75,1.86936
35,28.0,1.90845
35,28.25,1.77909
35,28.5,1.72147
35,28.75,1.69435
35,29.0,1.61609
35,29.25,1.57764
35,29.5,1.5117
35,29.75,1.43897
35,30.0,1.41388
35,30.25,1.32937
35,30.5,1.292
35,30.75,1.1954
35,31.0,1.19601
35,31.25,1.08042
35,31.5,1.0684
35,31.75,0.962566
35,32.0,0.936179
35,32.25,0.857217
35,32.5,0.796298
35,32.75,0.736718
35,33.0,0.685794
35,33.25,0.589512
35,33.5,0.56466
35,33.75,0.459964
35,34.0,0.426408
35,34.25,0.306044
35,34.5,0.24133
35,34.75,0.140521
35,35.0,0.0494833
35,35.25,0.00299792
35,35.5,0.00383622
35,35.75,0.00379323
35,36.0,0.00397885
35,36.25,0.00239447
35,36.5,0.00311504
35,36.75,0.00310569
35,37.0,0.00263152
35,37.25,0.00177695
35,37.5,0.00278588
36,0.25,0.0
36,0.5,0.0
36,0.75,0.0
36,1.0,0.0
36,1.25,0.0
36,1.5,0.0
36,1.75,0.0
36,2.0,0.0
36,2.25,0.0
36,2.5,0.0
36,2.75,0.0
36,3.0,0.0
36,3.25,0.0
36,3.5,0.0
36,3.75,0.0
36,4.0,0.0
36,4.25,0.136338
36,4.5,0.092237
36,4.75,0.0987637
36,5.0,0.0838283
36,5.25,0.0949539
36,5.5,0.121449
36,5.75,0.171933
36,6.0,0.219648
36,6.25,0.388473
36,6.5,0.493463
36,6.75,0.637771
36,7.0,0.768456
36,7.25,1.19886
36,7.5,1.30167
36,7.75,1.81712
36,8.0,2.55419
36,8.25,16.1482
36,8.5,17.2329
36,8.75,2.7296
36,9.0,3.63865
36,9.25,3.23733
36,9.5,16.5181
36,9.75,26.1377
36,10.0,14.4138
36,10.25,5.07905
36,10.5,3.07012
36,10.75,3.48159
36,11.0,4.39631
36,11.25,8.79801
36,11.5,6.99693
36,11.75,4.95443
36,12.0,4.18078
36,12.25,3.77364
36,12.5,3.75177
36,12.75,3.82389
36,13.0,3.96019
36,13.25,3.94173
36,13.5,3.98428
36,13.75,4.09671
36,14.0,4.09179
36,14.25,4.09842
36,14.5,4.14256
36,14.75,4.14964
36,15.0,4.13528
36,15.25,4.17999
36,15.5,4.18502
36,15.75,4.18834
36,16.0,4.15826
36,16.25,4.1843
36,16.5,4.08286
36,16.75,4.14115
36,17.0,4.06431
36,17.25,4.08061
36,17.5,4.00226
36,17.75,4.06239
36,18.0,3.92666
36,18.25,3.96357
36,18.5,3.85863
36,18.75,3.85255
36,19.0,3.8084
36,19.25,3.77167
36,19.5,3.71622
36,19.75,3.67848
36,20.0,3.60234
36,20.25,3.56511
36,20.5,3.50569
36,20.75,3.49413
36,21.0,3.42857
36,21.25,3.39239
36,21.5,3.31963
36,21.75,3.28688
36,22.0,3.23936
36,22.25,3.20089
36,22.5,3.13882
36,22.75,3.05351
36,23.0,2.99764
36,23.25,2.9658
36,23.5,2.88585
36,23.75,2.88237
36,24.0,2.79531
36,24.25,2.74842
36,24.5,2.6898
36,24.75,2.59535
36,25.0,2.61744
36,25.25,2.494
36,25.5,2.5039
36,25.75,2.3904
36,26.0,2.3744
36,26.25,2.32447
36,26.5,2.23128
36,26.75,2.20698
36,27.0,2.12213
36,27.25,2.11483
36,27.5,2.0376
36,27.75,2.00563
36,28.0,1.92751
36,28.25,1.88558
36,28.5,1.82075
36,28.75,1.7915
36,29.0,1.71809
36,29.25,1.65907
36,29.5,1.60533
36,29.75,1.56485
36,30.0,1.51014
36,30.25,1.44587
36,30.5,1.39007
36,30.75,1.37826
36,31.0,1.23744
36,31.25,1.26096
36,31.5,1.16361
36,31.75,1.15307
36,32.0,1.05172
36,32.25,1.02232
36,32.5,0.95572
36,32.75,0.908215
36,33.0,0.880664
36,33.25,0.782963
36,33.5,0.747385
36,33.75,0.680982
36,34.0,0.628545
36,34.25,0.539619
36,34.5,0.522303
36,34.75,0.402948
36,35.0,0.39071
36,35.25,0.27716
36,35.5,0.227269
36,35.75,0.133632
36,36.0,0.0386286
36,36.25,0.00684904
36,36.5,0.00354515
36,36.75,0.00318472
36,37.0,0.00450036
36,37.25,0.0029637
36,37.5,0.00429943
36,37.75,0.00271628
36,38.0,0.00306478
36,38.25,0.00458976
36,38.5,0.0022948
37,0.25,0.0
37,0.5,0.0
37,0.75,0.0
37,1.0,0.0
37,1.25,0.0
37,1.5,0.0
37,1.75,0.0
37,2.0,0.0
37,2.25,0.0
37,2.5,0.0
37,2.75,0.0
37,3.0,0.0
37,3.25,0.0
37,3.5,0.0
37,3.75,0.0
37,4.0,0.0
37,4.25,0.109048
37,4.5,0.100727
37,4.75,0.086158
37,5.0,0.0837098
37,5.25,0.079135
37,5.5,0.133043
37,5.75,0.155873
37,6.0,0.20952
37,6.25,0.366833
37,6.5,0.471597
37,6.75,0.618713
37,7.0,0.759934
37,7.25,1.14543
37,7.5,1.27238
37,7.75,1.7955
37,8.0,2.50634
37,8.25,15.9907
37,8.5,16.7794
37,8.75,2.71653
37,9.0,3.56084
37,9.25,3.25321
37,9.5,16.2029
37,9.75,25.8015
37,10.0,14.259
37,10.25,4.91112
37,10.5,2.97326
37,10.75,3.41754
37,11.0,4.2398
37,11.25,8.68145
37,11.5,6.84995
37,11.75,4.91978
37,12.0,3.97947
37,12.25,3.71238
37,12.5,3.53627
37,12.75,3.8146
37,13.0,3.78635
37,13.25,3.82016
37,13.5,3.93859
37,13.75,3.92063
37,14.0,3.99001
37,14.25,4.00189
37,14.5,4.02605
37,14.75,4.08318
37,15.0,4.04066
37,15.25,4.07319
37,15.5,4.0784
37,15.75,4.11117
37,16.0,4.07858
37,16.25,4.06451
37,16.5,4.05355
37,16.75,3.9926
37,17.0,4.03313
37,17.25,3.98342
37,17.5,3.92941
37,17.75,3.94562
37,18.0,3.86312
37,18.25,3.86355
37,18.5,3.84375
37,18.75,3.77548
37,19.0,3.75956
37,19.25,3.69893
37,19.5,3.70971
37,19.75,3.65029
37,20.0,3.57115
37,20.25,3.56801
37,20.5,3.46274
37,20.75,3.46937
37,21.0,3.37811
37,21.25,3.3591
37,21.5,3.31427
37,21.75,3.27164
37,22.0,3.24735
37,22.25,3.16535
37,22.5,3.10374
37,22.75,3.08336
37,23.0,3.00874
37,23.25,2.95303
37,23.5,2.90548
37,23.75,2.85126
37,24.0,2.82796
37,24.25,2.77207
37,24.5,2.68596
37,24.75,2.6592
37,25.0,2.60711
37,25.25,2.57295
37,25.5,2.47266
37,25.75,2.44353
37,26.0,2.40161
37,26.25,2.34137
37,26.5,2.2978
37,26.75,2.25099
37,27.0,2.18986
37,27.25,2.15726
37,27.5,2.07668
37,27.75,2.04669
37,28.0,2.0238
37,28.25,1.94065
37,28.5,1.8932
37,28.75,1.84604
37,29.0,1.78428
37,29.25,1.72342
37,29.5,1.69988
37,29.75,1.65283
37,30.0,1.57359
37,30.25,1.53805
37,30.5,1.50666
37,30.75,1.41316
37,31.0,1.41569
37,31.25,1.34432
37,31.5,1.29158
37,31.75,1.2456
37,32.0,1.19471
37,32.25,1.11982
37,32.5,1.10976
37,32.75,1.03205
37,33.0,0.99403
37,33.25,0.940229
37,33.5,0.883595
37,33.75,0.858157
37,34.0,0.771079
37,34.25,0.76643
37,34.5,0.687525
37,34.75,0.624658
37,35.0,0.587686
37,35.25,0.520476
37,35.5,0.467055
37,35.75,0.405667
37,36.0,0.338261
37,36.25,0.280942
37,36.5,0.194509
37,36.75,0.130275
37,37.0,0.0357728
37,37.25,0.00816944
37,37.5,0.00312684
37,37.75,0.00370431
37,38.0,0.00492505
37,38.25,0.00212736
37,38.5,0.00522663
37,38.75,0.00182437
37,39.0,0.00441842
37,39.25,0.00259592
37,39.5,0.00292869
38,0.25,0.0
38,0.5,0.0
38,0.75,0.0
38,1.0,0.0
38,1.25,0.0
38,1.5,0.0
38,1.75,0.0
38,2.0,0.0
38,2.25,0.0
38,2.5,0.0
38,2.75,0.0
38,3.0,0.0
38,3.25,0.0
38,3.5,0.0
38,3.75,0.0
38,4.0,0.0
38,4.25,0.133422
38,4.5,0.0707768
38,4.75,0.070193
38,5.0,0.0996685
38,5.25,0.0644682
38,5.5,0.118806
38,5.75,0.144735
38,6.0,0.22193
38,6.25,0.383575
38,6.5,0.465218
38,6.75,0.591216
38,7.0,0.755434
38,7.25,1.10001
38,7.5,1.25166
38,7.75,1.76012
38,8.0,2.61002
38,8.25,15.4498
38,8.5,16.7279
38,8.75,2.59911
38,9.0,3.47839
38,9.25,3.22234
38,9.5,15.9436
38,9.75,25.5328
38,10.0,13.9799
38,10.25,4.89169
38,10.5,2.91349
38,10.75,3.26072
38,11.0,4.1185
38,11.25,8.52343
38,11.5,6.68648
38,11.75,4.73054
38,12.0,3.96344
38,12.25,3.48938
38,12.5,3.54031
38,12.75,3.60722
38,13.0,3.67758
38,13.25,3.73155
38,13.5,3.78388
38,13.75,3.87447
38,14.0,3.82746
38,14.25,3.92162
38,14.5,3.94525
38,14.75,3.94084
38,15.0,3.94307
38,15.25,3.97599
38,15.5,3.98752
38,15.75,3.99285
38,16.0,3.97001
38,16.25,3.95367
38,16.5,3.99398
38,16.75,3.96656
38,17.0,3.91057
38,17.25,3.92379
38,17.5,3.84412
38,17.75,3.90245
38,18.0,3.77371
38,18.25,3.82411
38,18.5,3.74026
38,18.75,3.72636
38,19.0,3.65722
38,19.25,3.69338
38,19.5,3.6228
38,19.75,3.59363
38,20.0,3.5525
38,20.25,3.50072
38,20.5,3.46836
38,20.75,3.44315
38,21.0,3.35171
38,21.25,3.35185
38,21.5,3.2659
38,21.75,3.26131
38,22.0,3.23714
38,22.25,3.16188
38,22.5,3.09811
38,22.75,3.03198
38,23.0,3.04063
38,23.25,2.95141
38,23.5,2.90887
38,23.75,2.89435
38,24.0,2.80008
38,24.25,2.79059
38,24.5,2.69537
38,24.75,2.70399
38,25.0,2.603
38,25.25,2.60251
38,25.5,2.53048
38,25.75,2.44798
38,26.0,2.44082
38,26.25,2.37571
38,26.5,2.32804
38,26.75,2.29882
38,27.0,2.22005
38,27.25,2.21241
38,27.5,2.13298
38,27.75,2.12184
38,28.0,2.02106
38,28.25,2.01842
38,28.5,1.95265
38,28.75,1.88519
38,29.0,1.87048
38,29.25,1.80273
38,29.5,1.76395
38,29.75,1.7178
38,30.0,1.69089
38,30.25,1.62189
38,30.5,1.58244
38,30.75,1.52906
38,31.0,1.46901
38,31.25,1.44363
38,31.5,1.40137
38,31.75,1.30828
38,32.0,1.3165
38,32.25,1.25204
38,32.5,1.19858
38,32.75,1.18092
38,33.0,1.08518
38,33.25,1.08436
38,33.5,1.01539
38,33.75,0.983249
38,34.0,0.936686
38,34.25,0.85535
38,34.5,0.810847
38,34.75,0.80413
38,35.0,0.707508
38,35.25,0.690511
38,35.5,0.623023
38,35.75,0.602049
38,36.0,0.526944
38,36.25,0.493229
38,36.5,0.414321
38,36.75,0.371031
38,37.0,0.322018
38,37.25,0.249078
38,37.5,0.188958
38,37.75,0.116942
38,38.0,0.0277968
38,38.25,0.0111191
38,38.5,0.00185226
38,38.75,0.00455374
38,39.0,0.00283419
38,39.25,0.00469038
38,39.5,0.00288867
38,39.75,0.00362828
38,40.0,0.00227247
38,40.25,0.00289551
38,40.5,0.0042334
39,0.25,0.0
39,0.5,0.0
39,0.75,0.0
39,1.0,0.0
39,1.25,0.0
39,1.5,0.0
39,1.75,0.0
39,2.0,0.0
39,2.25,0.0
39,2.5,0.0
39,2.75,0.0
39,3.0,0.0
39,3.25,0.0
39,3.5,0.0
39,3.75,0.0
39,4.0,0.0
39,4.25,0.103332
39,4.5,0.0950211
39,4.75,0.0796468
39,5.0,0.0886127
39,5.25,0.0871202
39,5.5,0.103961
39,5.75,0.155048
39,6.0,0.188778
39,6.25,0.33609
39,6.5,0.468255
39,6.75,0.553084
39,7.0,0.717886
39,7.25,1.08635
39,7.5,1.22587
39,7.75,1.74497
39,8.0,2.53166
39,8.25,15.1654
39,8.5,16.4319
39,8.75,2.62633
39,9.0,3.38797
39,9.25,3.19173
39,9.5,15.7719
39,9.75,25.1296
39,10.0,13.921
39,10.25,4.7698
39,10.5,2.81929
39,10.75,3.1903
39,11.0,4.06989
39,11.25,8.22828
39,11.5,6.63021
39,11.75,4.63201
39,12.0,3.77956
39,12.25,3.49972
39,12.5,3.34667
39,12.75,3.58591
39,13.0,3.56485
39,13.25,3.62546
39,13.5,3.71344
39,13.75,3.68209
39,14.0,3.80522
39,14.25,3.79809
39,14.5,3.80872
39,14.75,3.87696
39,15.0,3.84837
39,15.25,3.89523
39,15.5,3.89043
39,15.75,3.91174
39,16.0,3.9272
39,16.25,3.84855
39,16.5,3.86683
39,16.75,3.88639
39,17.0,3.85126
39,17.25,3.82543
39,17.5,3.80968
39,17.75,3.83589
39,18.0,3.73027
39,18.25,3.75725
39,18.5,3.70602
39,18.75,3.69989
39,19.0,3.63007
39,19.25,3.61409
39,19.5,3.59113
39,19.75,3.50258
39,20.0,3.56266
39,20.25,3.45831
39,20.5,3.41794
39,20.75,3.40311
39,21.0,3.36061
39,21.25,3.31682
39,21.5,3.27045
39,21.75,3.19557
39,22.0,3.25975
39,22.25,3.14837
39,22.5,3.0993
39,22.75,3.05516
39,23.0,2.99967
39,23.25,2.9571
39,23.5,2.91935
39,23.75,2.85793
39,24.0,2.83758
39,24.25,2.75467
39,24.5,2.74259
39,24.75,2.6586
39,25.0,2.64376
39,25.25,2.57014
39,25.5,2.53039
39,25.75,2.48306
39,26.0,2.45846
39,26.25,2.43524
39,26.5,2.34008
39,26.75,2.30487
39,27.0,2.24428
39,27.25,2.21745
39,27.5,2.17166
39,27.75,2.13365
39,28.0,2.09915
39,28.25,2.0383
39,28.5,1.99512
39,28.75,1.92151
39,29.0,1.91773
39,29.25,1.86318
39,29.5,1.80757
39,29.75,1.7694
39,30.0,1.74241
39,30.25,1.68188
39,30.5,1.64767
39,30.75,1.56727
39,31.0,1.58062
39,31.25,1.48848
39,31.5,1.47195
39,31.75,1.42613
39,32.0,1.40121
39,32.25,1.33047
39,32.5,1.30694
39,32.75,1.24649
39,33.0,1.21475
39,33.25,1.1733
39,33.5,1.12689
39,33.75,1.06542
39,34.0,1.06115
39,34.25,0.960848
39,34.5,0.972421
39,34.75,0.891046
39,35.0,0.861414
39,35.25,0.794081
39,35.5,0.783989
39,35.75,0.714279
39,36.0,0.694556
39,36.25,0.631413
39,36.5,0.593695
39,36.75,0.527944
39,37.0,0.504042
39,37.25,0.449157
39,37.5,0.380956
39,37.75,0.36424
39,38.0,0.276188
39,38.25,0.243502
39,38.5,0.177053
39,38.75,0.104756
39,39.0,0.0377555
39,39.25,0.00351914
39,39.5,0.00434265
39,39.75,0.00310924
39,40.0,0.00481405
39,40.25,0.00186128
39,40.5,0.00536169
39,40.75,0.0025845
39,41.0,0.00486265
39,41.25,0.00237928
39,41.5,0.00401063
40,0.25,0.0
40,0.5,0.0
40,0.75,0.0
40,1.0,0.0
40,1.25,0.0
40,1.5,0.0
40,1.75,0.0
40,2.0,0.0
40,2.25,0.0
40,2.5,0.0
40,2.75,0.0
40,3.0,0.0
40,3.25,0.0
40,3.5,0.0
40,3.75,0.0
40,4.0,0.0
40,4.25,0.0865771
40,4.5,0.0950251
40,4.75,0.0629425
40,5.0,0.0900653
40,5.25,0.0797439
40,5.5,0.111461
40,5.75,0.129416
40,6.0,0.219322
40,6.25,0.316159
40,6.5,0.454646
40,6.75,0.546871
40,7.0,0.709903
40,7.25,1.03932
40,7.5,1.2267
40,7.75,1.70316
40,8.0,2.70815
40,8.25,14.6321
40,8.5,16.2043
40,8.75,2.73695
40,9.0,3.35531
40,9.25,3.31738
40,9.5,15.3106
40,9.75,24.6962
40,10.0,13.7309
40,10.25,4.76895
40,10.5,2.74525
40,10.75,3.15849
40,11.0,3.93677
40,11.25,8.02763
40,11.5,6.4835
40,11.75,4.51499
40,12.0,3.74047
40,12.25,3.31397
40,12.5,3.32905
40,12.75,3.3866
40,13.0,3.51823
40,13.25,3.50301
40,13.5,3.61341
40,13.75,3.65739
40,14.0,3.67299
40,14.25,3.71252
40,14.5,3.73332
40,14.75,3.78836
40,15.0,3.80193
40,15.25,3.8211
40,15.5,3.81341
40,15.75,3.80794
40,16.0,3.84576
40,16.25,3.82353
40,16.5,3.80379
40,16.75,3.80247
40,17.0,3.79988
40,17.25,3.75181
40,17.5,3.76827
40,17.75,3.71067
40,18.0,3.71828
40,18.25,3.70352
40,18.5,3.65221
40,18.75,3.6248
40,19.0,3.60219
40,19.25,3.54045
40,19.5,3.5575
40,19.75,3.50166
40,20.0,3.46043
40,20.25,3.43754
40,20.5,3.36774
40,20.75,3.35983
40,21.0,3.28562
40,21.25,3.25919
40,21.5,3.2499
40,21.75,3.17839
40,22.0,3.19984
40,22.25,3.127
40,22.5,3.08158
40,22.75,3.04489
40,23.0,2.97457
40,23.25,2.93327
40,23.5,2.92013
40,23.75,2.86764
40,24.0,2.82432
40,24.25,2.79167
40,24.5,2.73512
40,24.75,2.65435
40,25.0,2.64405
40,25.25,2.6114
40,25.5,2.51838
40,25.75,2.52269
40,26.0,2.44963
40,26.25,2.43406
40,26.5,2.36837
40,26.75,2.34605
40,27.0,2.24924
40,27.25,2.25872
40,27.5,2.19381
40,27.75,2.17803
40,28.0,2.08737
40,28.25,2.0978
40,28.5,2.00577
40,28.75,2.01914
40,29.0,1.94343
40,29.25,1.90099
40,29.5,1.88047
40,29.75,1.80112
40,30.0,1.80104
40,30.25,1.72784
40,30.5,1.71476
40,30.75,1.64493
40,31.0,1.63977
40,31.25,1.55624
40,31.5,1.53024
40,31.75,1.48566
40,32.0,1.44487
40,32.25,1.41479
40,32.5,1.36954
40,32.75,1.32929
40,33.0,1.27196
40,33.25,1.24984
40,33.5,1.20771
40,33.75,1.1743
40,34.0,1.11088
40,34.25,1.11389
40,34.5,1.03839
40,34.75,1.0013
40,35.0,0.967986
40,35.25,0.937232
40,35.5,0.867589
40,35.75,0.862391
40,36.0,0.77906
40,36.25,0.78183
40,36.5,0.69677
40,36.75,0.686637
40,37.0,0.630858
40,37.25,0.597035
40,37.5,0.552078
40,37.75,0.514647
40,38.0,0.462639
40,38.25,0.421559
40,38.5,0.362038
40,38.75,0.334407
40,39.0,0.269509
40,39.25,0.226041
40,39.5,0.161071
40,39.75,0.102097
40,40.0,0.0304732
40,40.25,0.00818174
40,40.5,0.00334903
40,40.75,0.00611714
40,41.0,0.00374449
40,41.25,0.00489468
40,41.5,0.00414465
40,41.75,0.00407261
40,42.0,0.0033562
40,42.25,0.00495332
40,42.5,0.0031987
41,0.25,0.0
41,0.5,0.0
41,0.75,0.0
41,1.0,0.0
41,1.25,0.0
41,1.5,0.0
41,1.75,0.0
41,2.0,0.0
41,2.25,0.0
41,2.5,0.0
41,2.75,0.0
41,3.0,0.0
41,3.25,0.0
41,3.5,0.0
41,3.75,0.0
41,4.0,0.0
41,4.25,0.118931
41,4.5,0.0619585
41,4.75,0.0842701
41,5.0,0.0706123
41,5.25,0.0873715
41,5.5,0.108363
41,5.75,0.131285
41,6.0,0.195461
41,6.25,0.325942
41,6.5,0.439359
41,6.75,0.53136
41,7.0,0.677765
41,7.25,1.00314
41,7.5,1.20562
41,7.75,1.71281
41,8.0,2.66862
41,8.25,14.3327
41,8.5,15.9372
41,8.75,2.74894
41,9.0,3.2811
41,9.25,3.31897
41,9.5,15.0468
41,9.75,24.3207
41,10.0,13.6979
41,10.25,4.70116
41,10.5,2.69728
41,10.75,3.07176
41,11.0,3.8133
41,11.25,7.85591
41,11.5,6.3692
41,11.75,4.41918
41,12.0,3.65622
41,12.25,3.23325
41,12.5,3.24057
41,12.75,3.32188
41,13.0,3.41805
41,13.25,3.43445
41,13.5,3.47356
41,13.75,3.58996
41,14.0,3.55065
41,14.25,3.62616
41,14.5,3.67819
41,14.75,3.67429
41,15.0,3.7262
41,15.25,3.73482
41,15.5,3.74121
41,15.75,3.72953
41,16.0,3.75673
41,16.25,3.73456
41,16.5,3.75473
41,16.75,3.71756
41,17.0,3.71974
41,17.25,3.70836
41,17.5,3.68455
41,17.75,3.67572
41,18.0,3.66037
41,18.25,3.60337
41,18.5,3.61107
41,18.75,3.56991
41,19.0,3.53531
41,19.25,3.52068
41,19.5,3.48378
41,19.75,3.45591
41,20.0,3.39515
41,20.25,3.40518
41,20.5,3.35836
41,20.75,3.29999
41,21.0,3.28529
41,21.25,3.25523
41,21.5,3.19168
41,21.75,3.19096
41,22.0,3.18034
41,22.25,3.11434
41,22.5,3.03229
41,22.75,3.04548
41,23.0,2.8976
41,23.25,2.97745
41,23.5,2.82868
41,23.75,2.90677
41,24.0,2.76874
41,24.25,2.79694
41,24.5,2.6983
41,24.75,2.74694
41,25.0,2.61796
41,25.25,2.6315
41,25.5,2.54643
41,25.75,2.5107
41,26.0,2.47399
41,26.25,2.40516
41,26.5,2.41518
41,26.75,2.33706
41,27.0,2.33403
41,27.25,2.24652
41,27.5,2.23783
41,27.75,2.17005
41,28.0,2.18163
41,28.25,2.08282
41,28.5,2.08758
41,28.75,2.01949
41,29.0,2.00508
41,29.25,1.89745
41,29.5,1.93474
41,29.75,1.86497
41,30.0,1.81671
41,30.25,1.78691
41,30.5,1.74431
41,30.75,1.69024
41,31.0,1.66973
41,31.25,1.62363
41,31.5,1.59525
41,31.75,1.53652
41,32.0,1.50741
41,32.25,1.476
41,32.5,1.44417
41,32.75,1.37862
41,33.0,1.37213
41,33.25,1.30344
41,33.5,1.29881
41,33.75,1.21224
41,34.0,1.2381
41,34.25,1.1322
41,34.5,1.14585
41,34.75,1.08418
41,35.0,1.05181
41,35.25,1.02406
41,35.5,0.977191
41,35.75,0.929194
41,36.0,0.908953
41,36.25,0.86036
41,36.5,0.830881
41,36.75,0.77889
41,37.0,0.741909
41,37.25,0.728418
41,37.5,0.650036
41,37.75,0.64491
41,38.0,0.590476
41,38.25,0.542577
41,38.5,0.530749
41,38.75,0.470201
41,39.0,0.427494
41,39.25,0.39735
41,39.5,0.33668
41,39.75,0.316581
41,40.0,0.241144
41,40.25,0.221547
41,40.5,0.143174
41,40.75,0.0939818
41,41.0,0.028388
41,41.25,0.00778284
41,41.5,0.00476837
41,41.75,0.00448774
41,42.0,0.00299433
41,42.25,0.00496546
41,42.5,0.00370681
41,42.75,0.00504787
41,43.0,0.00308054
41,43.25,0.00520436
41,43.5,0.00220487
42,0.25,0.0
42,0.5,0.0
42,0.75,0.0
42,1.0,0.0
42,1.25,0.0
42,1.5,0.0
42,1.75,0.0
42,2.0,0.0
42,2.25,0.0
42,2.5,0.0
42,2.75,0.0
42,3.0,0.0
42,3.25,0.0
42,3.5,0.0
42,3.75,0.0
42,4.0,0.0
42,4.25,0.0834156
42,4.5,0.052527
42,4.75,0.0772396
42,5.0,0.0600345
42,5.25,0.0843239
42,5.5,0.0852151
42,5.75,0.144923
42,6.0,0.180952
42,6.25,0.320201
42,6.5,0.412397
42,6.75,0.527194
42,7.0,0.66572
42,7.25,0.974475
42,7.5,1.20074
42,7.75,1.69109
42,8.0,2.69754
42,8.25,14.0114
42,8.5,15.7186
42,8.75,2.74665
42,9.0,3.24509
42,9.25,3.30411
42,9.5,14.8538
42,9.75,23.9705
42,10.0,13.6163
42,10.25,4.63916
42,10.5,2.63249
42,10.75,3.00221
42,11.0,3.7063
42,11.25,7.73497
42,11.5,6.18923
42,11.75,4.37331
42,12.0,3.52333
42,12.25,3.18983
42,12.5,3.1218
42,12.75,3.26013
42,13.0,3.31392
42,13.25,3.34864
42,13.5,3.41663
42,13.75,3.45506
42,14.0,3.48127
42,14.25,3.56204
42,14.5,3.56926
42,14.75,3.61032
42,15.0,3.64083
42,15.25,3.65011
42,15.5,3.64189
42,15.75,3.70508
42,16.0,3.64504
42,16.25,3.68242
42,16.5,3.64647
42,16.75,3.67939
42,17.0,3.63412
42,17.25,3.63575
42,17.5,3.64963
42,17.75,3.60439
42,18.0,3.57477
42,18.25,3.60571
42,18.5,3.52355
42,18.75,3.5277
42,19.0,3.46821
42,19.25,3.49648
42,19.5,3.42255
42,19.75,3.41661
42,20.0,3.36128
42,20.25,3.384
42,20.5,3.31387
42,20.75,3.29386
42,21.0,3.26151
42,21.25,3.21072
42,21.5,3.18473
42,21.75,3.14958
42,22.0,3.15855
42,22.25,3.05388
42,22.5,3.05447
42,22.75,3.00036
42,23.0,2.97167
42,23.25,2.89917
42,23.5,2.90753
42,23.75,2.8
42,24.0,2.82417
42,24.25,2.74785
42,24.5,2.69116
42,24.75,2.72068
42,25.0,2.6232
42,25.25,2.62192
42,25.5,2.55505
42,25.75,2.51384
42,26.0,2.50032
42,26.25,2.40329
42,26.5,2.38543
42,26.75,2.37538
42,27.0,2.32394
42,27.25,2.27191
42,27.5,2.26443
42,27.75,2.1778
42,28.0,2.17261
42,28.25,2.11889
42,28.5,2.10483
42,28.75,2.06071
42,29.0,2.0087
42,29.25,1.95472
42,29.5,1.96469
42,29.75,1.87841
42,30.0,1.8776
42,30.25,1.80688
42,30.5,1.79985
42,30.75,1.72266
42,31.0,1.74089
42,31.25,1.64456
42,31.5,1.64202
42,31.75,1.62099
42,32.0,1.53884
42,32.25,1.55083
42,32.5,1.46851
42,32.75,1.44603
42,33.0,1.42516
42,33.25,1.37994
42,33.5,1.35136
42,33.75,1.28838
42,34.0,1.27466
42,34.25,1.22824
42,34.5,1.19438
42,34.75,1.16291
42,35.0,1.11569
42,35.25,1.09563
42,35.5,1.05185
42,35.75,1.02548
42,36.0,0.991495
42,36.25,0.930999
42,36.5,0.933681
42,36.75,0.864621
42,37.0,0.864128
42,37.25,0.787448
42,37.5,0.774777
42,37.75,0.740509
42,38.0,0.695737
42,38.25,0.670124
42,38.5,0.618864
42,38.75,0.589777
42,39.0,0.56633
42,39.25,0.507744
42,39.5,0.483375
42,39.75,0.45548
42,40.0,0.390114
42,40.25,0.374379
42,40.5,0.320974
42,40.75,0.280323
42,41.0,0.236799
42,41.25,0.188854
42,41.5,0.149102
42,41.75,0.0783211
42,42.0,0.0336333
42,42.25,0.00610464
42,42.5,0.00612464
42,42.75,0.00386713
42,43.0,0.00486191
42,43.25,0.00458457
42,43.5,0.00460157
42,43.75,0.00331419
42,44.0,0.00456458
42,44.25,0.00336699
42,44.5,0.00350515
43,0.25,0.0
43,0.5,0.0
43,0.75,0.0
43,1.0,0.0
43,1.25,0.0
43,1.5,0.0
43,1.75,0.0
43,2.0,0.0
43,2.25,0.0
43,2.5,0.0
43,2.75,0.0
43,3.0,0.0
43,3.25,0.0
43,3.5,0.0
43,3.75,0.0
43,4.0,0.0
43,4.25,0.0688714
43,4.5,0.0685602
43,4.75,0.0665906
43,5.0,0.0594757
43,5.25,0.0793246
43,5.5,0.097161
43,5.75,0.127004
43,6.0,0.178464
43,6.25,0.305044
43,6.5,0.411664
43,6.75,0.49468
43,7.0,0.637931
43,7.25,0.969253
43,7.5,1.15757
43,7.75,1.66637
43,8.0,2.72573
43,8.25,13.6505
43,8.5,15.5599
43,8.75,2.73405
43,9.0,3.2089
43,9.25,3.32182
43,9.5,14.5306
43,9.75,23.7256
43,10.0,13.4179
43,10.25,4.60427
43,10.5,2.57344
43,10.75,2.90402
43,11.0,3.65913
43,11.25,7.53436
43,11.5,6.14386
43,11.75,4.23892
43,12.0,3.44378
43,12.25,3.07202
43,12.5,3.08308
43,12.75,3.13423
43,13.0,3.25941
43,13.25,3.26383
43,13.5,3.3559
43,13.75,3.36121
43,14.0,3.46437
43,14.25,3.43669
43,14.5,3.48111
43,14.75,3.55058
43,15.0,3.56583
43,15.25,3.57916
43,15.5,3.56963
43,15.75,3.59602
43,16.0,3.59442
43,16.25,3.63179
43,16.5,3.57806
43,16.75,3.6477
43,17.0,3.57826
43,17.25,3.58439
43,17.5,3.58383
43,17.75,3.56154
43,18.0,3.52862
43,18.25,3.51997
43,18.5,3.46111
43,18.75,3.50254
43,19.0,3.41326
43,19.25,3.43385
43,19.5,3.41159
43,19.75,3.34121
43,20.0,3.33186
43,20.25,3.30128
43,20.5,3.28501
43,20.75,3.2324
43,21.0,3.26833
43,21.25,3.16794
43,21.5,3.19303
43,21.75,3.0972
43,22.0,3.14313
43,22.25,3.04758
43,22.5,3.04237
43,22.75,2.93559
43,23.0,2.95342
43,23.25,2.88851
43,23.5,2.84811
43,23.75,2.85388
43,24.0,2.80366
43,24.25,2.71916
43,24.5,2.7048
43,24.75,2.71492
43,25.0,2.63322
43,25.25,2.60444
43,25.5,2.56647
43,25.75,2.51871
43,26.0,2.49215
43,26.25,2.4304
43,26.5,2.41414
43,26.75,2.34985
43,27.0,2.34008
43,27.25,2.29217
43,27.5,2.24906
43,27.75,2.22971
43,28.0,2.18519
43,28.25,2.13083
43,28.5,2.13116
43,28.75,2.05582
43,29.0,2.03964
43,29.25,2.00203
43,29.5,1.94759
43,29.75,1.9422
43,30.0,1.86808
43,30.25,1.86774
43,30.5,1.8008
43,30.75,1.79199
43,31.0,1.7354
43,31.25,1.71621
43,31.5,1.67903
43,31.75,1.63202
43,32.0,1.63204
43,32.25,1.53562
43,32.5,1.55389
43,32.75,1.49017
43,33.0,1.46128
43,33.25,1.43855
43,33.5,1.39937
43,33.75,1.34627
43,34.0,1.32248
43,34.25,1.32047
43,34.5,1.24427
43,34.75,1.23308
43,35.0,1.20077
43,35.25,1.13427
43,35.5,1.13376
43,35.75,1.08791
43,36.0,1.0522
43,36.25,1.03598
43,36.5,0.975361
43,36.75,0.981299
43,37.0,0.911061
43,37.25,0.902051
43,37.5,0.849344
43,37.75,0.825883
43,38.0,0.807723
43,38.25,0.741364
43,38.5,0.724195
43,38.75,0.695549
43,39.0,0.648459
43,39.25,0.617383
43,39.5,0.603217
43,39.75,0.550036
43,40.0,0.538334
43,40.25,0.461771
43,40.5,0.469247
43,40.75,0.406735
43,41.0,0.383609
43,41.25,0.334255
43,41.5,0.312201
43,41.75,0.260336
43,42.0,0.228656
43,42.25,0.173461
43,42.5,0.137404
43,42.75,0.0750538
43,43.0,0.032577
43,43.25,0.00433826
43,43.5,0.00529528
43,43.75,0.00418605
43,44.0,0.00627829
43,44.25,0.00397985
43,44.5,0.00433677
43,44.75,0.00358363
43,45.0,0.00404224
43,45.25,0.00366272
43,45.5,0.00306156
44,0.25,0.0
44,0.5,0.0
44,0.75,0.0
44,1.0,0.0
44,1.25,0.0
44,1.5,0.0
44,1.75,0.0
44,2.0,0.0
44,2.25,0.0
44,2.5,0.0
44,2.75,0.0
44,3.0,0.0
44,3.25,0.0
44,3.5,0.0
44,3.75,0.0
44,4.0,0.0
44,4.25,0.0766131
44,4.5,0.072676
44,4.75,0.0642519
44,5.0,0.0327642
44,5.25,0.0906142
44,5.5,0.0820043
44,5.75,0.127561
44,6.0,0.169936
44,6.25,0.302113
44,6.5,0.388529
44,6.75,0.497638
44,7.0,0.628949
44,7.25,0.945617
44,7.5,1.15445
44,7.75,1.73381
44,8.0,2.87484
44,8.25,13.1321
44,8.5,15.061
44,8.75,2.83182
44,9.0,3.20387
44,9.25,3.50205
44,9.5,14.2423
44,9.75,23.0601
44,10.0,13.216
44,10.25,4.6123
44,10.5,2.51171
44,10.75,2.85184
44,11.0,3.61518
44,11.25,7.33148
44,11.5,5.98965
44,11.75,4.18495
44,12.0,3.37812
44,12.25,3.04343
44,12.5,2.95875
44,12.75,3.08389
44,13.0,3.17922
44,13.25,3.16124
44,13.5,3.28548
44,13.75,3.28646
44,14.0,3.34185
44,14.25,3.40331
44,14.5,3.41388
44,14.75,3.45618
44,15.0,3.47598
44,15.25,3.53055
44,15.5,3.52698
44,15.75,3.52838
44,16.0,3.52404
44,16.25,3.55465
44,16.5,3.54173
44,16.75,3.53436
44,17.0,3.5418
44,17.25,3.50836
44,17.5,3.54731
44,17.75,3.51004
44,18.0,3.48096
44,18.25,3.47099
44,18.5,3.46671
44,18.75,3.41191
44,19.0,3.42858
44,19.25,3.37371
44,19.5,3.37646
44,19.75,3.35052
44,20.0,3.27597
44,20.25,3.28062
44,20.5,3.24769
44,20.75,3.21253
44,21.0,3.19147
44,21.25,3.16296
44,21.5,3.12715
44,21.75,3.10242
44,22.0,3.09906
44,22.25,3.05916
44,22.5,2.99375
44,22.75,2.95685
44,23.0,2.89962
44,23.25,2.88493
44,23.5,2.84558
44,23.75,2.82277
44,24.0,2.7655
44,24.25,2.74485
44,24.5,2.70005
44,24.75,2.66101
44,25.0,2.67325
44,25.25,2.60086
44,25.5,2.54918
44,25.75,2.52904
44,26.0,2.48782
44,26.25,2.45164
44,26.5,2.4133
44,26.75,2.38381
44,27.0,2.34366
44,27.25,2.32247
44,27.5,2.27161
44,27.75,2.22394
44,28.0,2.18736
44,28.25,2.18574
44,28.5,2.10952
44,28.75,2.09399
44,29.0,2.07342
44,29.25,2.0093
44,29.5,1.99736
44,29.75,1.93486
44,30.0,1.92723
44,30.25,1.86824
44,30.5,1.89016
44,30.75,1.79762
44,31.0,1.78986
44,31.25,1.72743
44,31.5,1.71738
44,31.75,1.68288
44,32.0,1.63021
44,32.25,1.6337
44,32.5,1.56115
44,32.75,1.54444
44,33.0,1.51668
44,33.25,1.48334
44,33.5,1.44479
44,33.75,1.39117
44,34.0,1.38132
44,34.25,1.33692
44,34.5,1.32003
44,34.75,1.28818
44,35.0,1.26138
44,35.25,1.22016
44,35.5,1.17343
44,35.75,1.16349
44,36.0,1.11944
44,36.25,1.09985
44,36.5,1.05116
44,36.75,1.04861
44,37.0,0.984222
44,37.25,0.95965
44,37.5,0.935833
44,37.75,0.914617
44,38.0,0.862051
44,38.25,0.834073
44,38.5,0.807263
44,38.75,0.773375
44,39.0,0.734338
44,39.25,0.717591
44,39.5,0.677443
44,39.75,0.646778
44,40.0,0.621722
44,40.25,0.584497
44,40.5,0.559132
44,40.75,0.524182
44,41.0,0.486579
44,41.25,0.462219
44,41.5,0.42104
44,41.75,0.395892
44,42.0,0.359883
44,42.25,0.317199
44,42.5,0.289288
44,42.75,0.243814
44,43.0,0.216148
44,43.25,0.166562
44,43.5,0.129594
44,43.75,0.0744876
44,44.0,0.0288707
44,44.25,0.00739892
44,44.5,0.00755007
44,44.75,0.0060027
44,45.0,0.0064657
44,45.25,0.00583104
44,45.5,0.00639389
44,45.75,0.00517288
44,46.0,0.00535748
44,46.25,0.00503464
44,46.5,0.00562568
45,0.25,0.0
45,0.5,0.0
45,0.75,0.0
45,1.0,0.0
45,1.25,0.0
45,1.5,0.0
45,1.75,0.0
45,2.0,0.0
45,2.25,0.0
45,2.5,0.0
45,2.75,0.0
45,3.0,0.0
45,3.25,0.0
45,3.5,0.0
45,3.75,0.0
45,4.0,0.0
45,4.25,0.0638077
45,4.5,0.0642223
45,4.75,0.0745011
45,5.0,0.0381509
45,5.25,0.0837094
45,5.5,0.076182
45,5.75,0.124842
45,6.0,0.169625
45,6.25,0.287589
45,6.5,0.381438
45,6.75,0.468831
45,7.0,0.630174
45,7.25,0.933042
45,7.5,1.147
45,7.75,1.7103
45,8.0,2.83096
45,8.25,12.8982
45,8.5,14.8066
45,8.75,2.89703
45,9.0,3.15057
45,9.25,3.48827
45,9.5,13.992
45,9.75,22.7807
45,10.0,13.1135
45,10.25,4.60658
45,10.5,2.4108
45,10.75,2.83223
45,11.0,3.45205
45,11.25,7.22906
45,11.5,5.87852
45,11.75,4.09967
45,12.0,3.29629
45,12.25,2.92593
45,12.5,2.92417
45,12.75,3.01944
45,13.0,3.09479
45,13.25,3.09121
45,13.5,3.1881
45,13.75,3.2098
45,14.0,3.31634
45,14.25,3.3091
45,14.5,3.35396
45,14.75,3.38349
45,15.0,3.41711
45,15.25,3.43499
45,15.5,3.44799
45,15.75,3.46289
45,16.0,3.46268
45,16.25,3.48613
45,16.5,3.48841
45,16.75,3.47799
45,17.0,3.47076
45,17.25,3.45603
45,17.5,3.46956
45,17.75,3.44822
45,18.0,3.44836
45,18.25,3.41781
45,18.5,3.39668
45,18.75,3.40039
45,19.0,3.34261
45,19.25,3.3648
45,19.5,3.31355
45,19.75,3.31879
45,20.0,3.24831
45,20.25,3.23584
45,20.5,3.21269
45,20.75,3.18859
45,21.0,3.1596
45,21.25,3.11828
45,21.5,3.09913
45,21.75,3.08538
45,22.0,3.08221
45,22.25,3.02898
45,22.5,2.956
45,22.75,2.94681
45,23.0,2.88253
45,23.25,2.88209
45,23.5,2.83631
45,23.75,2.79194
45,24.0,2.77186
45,24.25,2.73216
45,24.5,2.69187
45,24.75,2.68016
45,25.0,2.65731
45,25.25,2.58454
45,25.5,2.56286
45,25.75,2.5064
45,26.0,2.47768
45,26.25,2.44604
45,26.5,2.40502
45,26.75,2.39235
45,27.0,2.34401
45,27.25,2.32863
45,27.5,2.27136
45,27.75,2.24116
45,28.0,2.19438
45,28.25,2.18002
45,28.5,2.15577
45,28.75,2.08944
45,29.0,2.09046
45,29.25,2.01008
45,29.5,2.02331
45,29.75,1.95888
45,30.0,1.95991
45,30.25,1.89557
45,30.5,1.87241
45,30.75,1.8398
45,31.0,1.80875
45,31.25,1.77844
45,31.5,1.75511
45,31.75,1.6972
45,32.0,1.6919
45,32.25,1.62803
45,32.5,1.62304
45,32.75,1.58198
45,33.0,1.56666
45,33.25,1.50612
45,33.5,1.49702
45,33.75,1.43088
45,34.0,1.42071
45,34.25,1.39009
45,34.5,1.35899
45,34.75,1.32842
45,35.0,1.29964
45,35.25,1.24958
45,35.5,1.25142
45,35.75,1.20343
45,36.0,1.1833
45,36.25,1.14687
45,36.5,1.11492
45,36.75,1.09831
45,37.0,1.04496
45,37.25,1.03154
45,37.5,1.0066
45,37.75,0.951772
45,38.0,0.941349
45,38.25,0.924547
45,38.5,0.868953
45,38.75,0.844256
45,39.0,0.814068
45,39.25,0.78671
45,39.5,0.755741
45,39.75,0.734559
45,40.0,0.698543
45,40.25,0.671823
45,40.5,0.635766
45,40.75,0.621541
45,41.0,0.572348
45,41.25,0.558955
45,41.5,0.515519
45,41.75,0.492382
45,42.0,0.464557
45,42.25,0.425803
45,42.5,0.409821
45,42.75,0.357324
45,43.0,0.338816
45,43.25,0.30669
45,43.5,0.276637
45,43.75,0.225239
45,44.0,0.206072
45,44.25,0.15571
45,44.5,0.115542
45,44.75,0.0727022
45,45.0,0.0270027
45,45.25,0.00797091
45,45.5,0.0063577
45,45.75,0.00569629
45,46.0,0.00635749
45,46.25,0.00519481
45,46.5,0.00611838
45,46.75,0.00510446
45,47.0,0.00550075
45,47.25,0.00523122
45,47.5,0.00513739
46,0.25,0.0
46,0.5,0.0
46,0.75,0.0
46,1.0,0.0
46,1.25,0.0
46,1.5,0.0
46,1.75,0.0
46,2.0,0.0
46,2.25,0.0
46,2.5,0.0
46,2.75,0.0
46,3.0,0.0
46,3.25,0.0
46,3.5,0.0
46,3.75,0.0
46,4.0,0.0
46,4.25,0.0849584
46,4.5,0.0327905
46,4.75,0.0796393
46,5.0,0.0471249
46,5.25,0.0717585
46,5.5,0.079719
46,5.75,0.126505
46,6.0,0.164227
46,6.25,0.28463
46,6.5,0.384647
46,6.75,0.466554
46,7.0,0.602177
46,7.25,0.908168
46,7.5,1.14223
46,7.75,1.71534
46,8.0,2.8279
46,8.25,12.572
46,8.5,14.6324
46,8.75,2.89997
46,9.0,3.13323
46,9.25,3.52194
46,9.5,13.6856
46,9.75,22.4905
46,10.0,13.0533
46,10.25,4.56192
46,10.5,2.37538
46,10.75,2.7609
46,11.0,3.38983
46,11.25,7.0423
46,11.5,5.83147
46,11.75,3.97503
46,12.0,3.24335
46,12.25,2.85344
46,12.5,2.85076
46,12.75,2.9242
46,13.0,3.01773
46,13.25,3.04074
46,13.5,3.12531
46,13.75,3.14002
46,14.0,3.20661
46,14.25,3.23833
46,14.5,3.27452
46,14.75,3.33604
46,15.0,3.34735
46,15.25,3.37262
46,15.5,3.37181
46,15.75,3.41146
46,16.0,3.40902
46,16.25,3.41972
46,16.5,3.43935
46,16.75,3.43999
46,17.0,3.39859
46,17.25,3.41462
46,17.5,3.412
46,17.75,3.4007
46,18.0,3.4018
46,18.25,3.34415
46,18.5,3.36317
46,18.75,3.33317
46,19.0,3.30758
46,19.25,3.30139
46,19.5,3.29316
46,19.75,3.25079
46,20.0,3.21431
46,20.25,3.2024
46,20.5,3.1581
46,20.75,3.17283
46,21.0,3.10324
46,21.25,3.10575
46,21.5,3.05783
46,21.75,3.0472
46,22.0,3.06218
46,22.25,3.02012
46,22.5,2.95475
46,22.75,2.91484
46,23.0,2.8889
46,23.25,2.84892
46,23.5,2.80407
46,23.75,2.79432
46,24.0,2.74182
46,24.25,2.74279
46,24.5,2.72932
46,24.75,2.65141
46,25.0,2.62765
46,25.25,2.60116
46,25.5,2.54406
46,25.75,2.52044
46,26.0,2.48251
46,26.25,2.4544
46,26.5,2.41607
46,26.75,2.38629
46,27.0,2.34105
46,27.25,2.31966
46,27.5,2.25983
46,27.75,2.27048
46,28.0,2.1941
46,28.25,2.18622
46,28.5,2.15654
46,28.75,2.11929
46,29.0,2.08654
46,29.25,2.03561
46,29.5,2.02272
46,29.75,1.97561
46,30.0,1.97696
46,30.25,1.90843
46,30.5,1.90751
46,30.75,1.85118
46,31.0,1.84487
46,31.25,1.78421
46,31.5,1.76367
46,31.75,1.73382
46,32.0,1.7197
46,32.25,1.66759
46,32.5,1.64393
46,32.75,1.61504
46,33.0,1.57935
46,33.25,1.55992
46,33.5,1.50608
46,33.75,1.49287
46,34.0,1.46268
46,34.25,1.41691
46,34.5,1.40271
46,34.75,1.37698
46,35.0,1.32894
46,35.25,1.30963
46,35.5,1.27256
46,35.75,1.26742
46,36.0,1.20665
46,36.25,1.21548
46,36.5,1.1572
46,36.75,1.13697
46,37.0,1.11187
46,37.25,1.07336
46,37.5,1.05876
46,37.75,1.01821
46,38.0,1.00279
46,38.25,0.958177
46,38.5,0.942839
46,38.75,0.905061
46,39.0,0.889419
46,39.25,0.847961
46,39.5,0.83108
46,39.75,0.789552
46,40.0,0.773365
46,40.25,0.729489
46,40.5,0.72952
46,40.75,0.677943
46,41.0,0.659404
46,41.25,0.630742
46,41.5,0.602461
46,41.75,0.568065
46,42.0,0.552221
46,42.25,0.518208
46,42.5,0.494707
46,42.75,0.454921
46,43.0,0.441657
46,43.25,0.397114
46,43.5,0.389543
46,43.75,0.334323
46,44.0,0.318892
46,44.25,0.287736
46,44.5,0.243157
46,44.75,0.223653
46,45.0,0.183609
46,45.25,0.150139
46,45.5,0.110526
46,45.75,0.0683174
46,46.0,0.0230833
46,46.25,0.00869163
46,46.5,0.00580354
46,46.75,0.00526849
46,47.0,0.00600638
46,47.25,0.00484812
46,47.5,0.00684796
46,47.75,0.00333419
46,48.0,0.00576964
46,48.25,0.0051365
46,48.5,0.00421176
47,0.25,0.0
47,0.5,0.0
47,0.75,0.0
47,1.0,0.0
47,1.25,0.0
47,1.5,0.0
47,1.75,0.0
47,2.0,0.0
47,2.25,0.0
47,2.5,0.0
47,2.75,0.0
47,3.0,0.0
47,3.25,0.0
47,3.5,0.0
47,3.75,0.0
47,4.0,0.0
47,4.25,0.0406368
47,4.5,0.0794092
47,4.75,0.0398768
47,5.0,0.0629108
47,5.25,0.064572
47,5.5,0.0870315
47,5.75,0.117893
47,6.0,0.159617
47,6.25,0.2736
47,6.5,0.373552
47,6.75,0.458142
47,7.0,0.587536
47,7.25,0.88455
47,7.5,1.15209
47,7.75,1.69739
47,8.0,2.8239
47,8.25,12.3455
47,8.5,14.4403
47,8.75,2.90662
47,9.0,3.12033
47,9.25,3.49438
47,9.5,13.4732
47,9.75,22.2102
47,10.0,12.9016
47,10.25,4.50849
47,10.5,2.33062
47,10.75,2.69515
47,11.0,3.3623
47,11.25,6.8544
47,11.5,5.7246
47,11.75,3.93878
47,12.0,3.1518
47,12.25,2.81597
47,12.5,2.75924
47,12.75,2.87011
47,13.0,2.93303
47,13.25,2.98548
47,13.5,3.032
47,13.75,3.10651
47,14.0,3.1527
47,14.25,3.1923
47,14.5,3.21994
47,14.75,3.26854
47,15.0,3.27643
47,15.25,3.3118
47,15.5,3.3253
47,15.75,3.324
47,16.0,3.3643
47,16.25,3.34902
47,16.5,3.36715
47,16.75,3.35537
47,17.0,3.39399
47,17.25,3.32388
47,17.5,3.37777
47,17.75,3.34961
47,18.0,3.35379
47,18.25,3.32818
47,18.5,3.2897
47,18.75,3.2838
47,19.0,3.26666
47,19.25,3.25965
47,19.5,3.23069
47,19.75,3.22199
47,20.0,3.19423
47,20.25,3.16671
47,20.5,3.13617
47,20.75,3.10018
47,21.0,3.10265
47,21.25,3.04991
47,21.5,3.06002
47,21.75,3.00939
47,22.0,3.04316
47,22.25,2.98794
47,22.5,2.93242
47,22.75,2.89076
47,23.0,2.88404
47,23.25,2.81684
47,23.5,2.81278
47,23.75,2.77195
47,24.0,2.73137
47,24.25,2.69317
47,24.5,2.68185
47,24.75,2.65857
47,25.0,2.62431
47,25.25,2.58373
47,25.5,2.54801
47,25.75,2.51129
47,26.0,2.4793
47,26.25,2.45905
47,26.5,2.4039
47,26.75,2.38966
47,27.0,2.35631
47,27.25,2.3061
47,27.5,2.30479
47,27.75,2.24783
47,28.0,2.21051
47,28.25,2.18204
47,28.5,2.17474
47,28.75,2.11578
47,29.0,2.10048
47,29.25,2.06503
47,29.5,2.03117
47,29.75,2.00803
47,30.0,1.95623
47,30.25,1.95923
47,30.5,1.88973
47,30.75,1.89298
47,31.0,1.82534
47,31.25,1.83742
47,31.5,1.76966
47,31.75,1.76324
47,32.0,1.72316
47,32.25,1.68684
47,32.5,1.67016
47,32.75,1.64395
47,33.0,1.59269
47,33.25,1.57651
47,33.5,1.53949
47,33.75,1.52443
47,34.0,1.49382
47,34.25,1.47284
47,34.5,1.4361
47,34.75,1.40954
47,35.0,1.35898
47,35.25,1.36154
47,35.5,1.29151
47,35.75,1.30427
47,36.0,1.25814
47,36.25,1.21847
47,36.5,1.22058
47,36.75,1.18277
47,37.0,1.15439
47,37.25,1.13747
47,37.5,1.07942
47,37.75,1.0915
47,38.0,1.02715
47,38.25,1.03271
47,38.5,0.989964
47,38.75,0.980526
47,39.0,0.934705
47,39.25,0.909362
47,39.5,0.880279
47,39.75,0.852007
47,40.0,0.847796
47,40.25,0.79637
47,40.5,0.784999
47,40.75,0.753345
47,41.0,0.723995
47,41.25,0.699521
47,41.5,0.674639
47,41.75,0.646522
47,42.0,0.617492
47,42.25,0.591851
47,42.5,0.579646
47,42.75,0.530499
47,43.0,0.516987
47,43.25,0.48291
47,43.5,0.466389
47,43.75,0.436853
47,44.0,0.410146
47,44.25,0.384828
47,44.5,0.348616
47,44.75,0.32993
47,45.0,0.298881
47,45.25,0.269504
47,45.5,0.233787
47,45.75,0.214849
47,46.0,0.16645
47,46.25,0.147812
47,46.5,0.0980518
47,46.75,0.0718492
47,47.0,0.019469
47,47.25,0.0101225
47,47.5,0.00426615
47,47.75,0.00582037
47,48.0,0.00583941
47,48.25,0.0057697
47,48.5,0.00458677
47,48.75,0.00527065
47,49.0,0.00446409
47,49.25,0.00479479
48,0.25,0.0
48,0.5,0.0
48,0.75,0.0
48,1.0,0.0
48,1.25,0.0
48,1.5,0.0
48,1.75,0.0
48,2.0,0.0
48,2.25,0.0
48,2.5,0.0
48,2.75,0.0
48,3.0,0.0
48,3.25,0.0
48,3.5,0.0
48,3.75,0.0
48,4.0,0.0
48,4.25,0.0728714
48,4.5,0.0615165
48,4.75,0.0405163
48,5.0,0.0639946
48,5.25,0.061484
48,5.5,0.0775796
48,5.75,0.113853
48,6.0,0.16147
48,6.25,0.26623
48,6.5,0.359199
48,6.75,0.437428
48,7.0,0.576164
48,7.25,0.864183
48,7.5,1.1049
48,7.75,1.65991
48,8.0,2.69707
48,8.25,12.3182
48,8.5,14.275
48,8.75,2.81284
48,9.0,3.05871
48,9.25,3.36117
48,9.5,13.4301
48,9.75,22.0851
48,10.0,12.7837
48,10.25,4.37879
48,10.5,2.31063
48,10.75,2.61025
48,11.0,3.30101
48,11.25,6.80547
48,11.5,5.59986
48,11.75,3.88097
48,12.0,3.05935
48,12.25,2.75975
48,12.5,2.65761
48,12.75,2.83094
48,13.0,2.87312
48,13.25,2.90796
48,13.5,2.9718
48,13.75,3.02967
48,14.0,3.05137
48,14.25,3.14798
48,14.5,3.14929
48,14.75,3.18611
48,15.0,3.21465
48,15.25,3.26667
48,15.5,3.23289
48,15.75,3.29078
48,16.0,3.31383
48,16.25,3.29743
48,16.5,3.29356
48,16.75,3.34783
48,17.0,3.29559
48,17.25,3.32049
48,17.5,3.32783
48,17.75,3.30461
48,18.0,3.24619
48,18.25,3.31363
48,18.5,3.24325
48,18.75,3.23153
48,19.0,3.25999
48,19.25,3.20466
48,19.5,3.19953
48,19.75,3.18953
48,20.0,3.14657
48,20.25,3.12928
48,20.5,3.07318
48,20.75,3.11832
48,21.0,3.05827
48,21.25,3.02154
48,21.5,3.01951
48,21.75,2.96009
48,22.0,3.03461
48,22.25,2.9804
48,22.5,2.89107
48,22.75,2.88521
48,23.0,2.84748
48,23.25,2.77839
48,23.5,2.77234
48,23.75,2.79179
48,24.0,2.71131
48,24.25,2.66732
48,24.5,2.69972
48,24.75,2.6085
48,25.0,2.63342
48,25.25,2.57446
48,25.5,2.50981
48,25.75,2.50819
48,26.0,2.49965
48,26.25,2.41623
48,26.5,2.41571
48,26.75,2.39805
48,27.0,2.32912
48,27.25,2.33437
48,27.5,2.28088
48,27.75,2.25816
48,28.0,2.23005
48,28.25,2.20237
48,28.5,2.14747
48,28.75,2.14848
48,29.0,2.09895
48,29.25,2.08352
48,29.5,2.01276
48,29.75,2.03505
48,30.0,1.97099
48,30.25,1.95328
48,30.5,1.93273
48,30.75,1.87381
48,31.0,1.8839
48,31.25,1.81391
48,31.5,1.81288
48,31.75,1.75463
48,32.0,1.74573
48,32.25,1.7087
48,32.5,1.69176
48,32.75,1.63559
48,33.0,1.66145
48,33.25,1.58446
48,33.5,1.58506
48,33.75,1.51908
48,34.0,1.54202
48,34.25,1.47283
48,34.5,1.47214
48,34.75,1.41764
48,35.0,1.43445
48,35.25,1.3765
48,35.5,1.36483
48,35.75,1.31708
48,36.0,1.30259
48,36.25,1.26256
48,36.5,1.25301
48,36.75,1.21133
48,37.0,1.19223
48,37.25,1.18546
48,37.5,1.12228
48,37.75,1.12684
48,38.0,1.07536
48,38.25,1.07174
48,38.5,1.03849
48,38.75,0.996629
48,39.0,0.999836
48,39.25,0.96738
48,39.5,0.933748
48,39.75,0.916763
48,40.0,0.870692
48,40.25,0.873493
48,40.5,0.838969
48,40.75,0.792956
48,41.0,0.802921
48,41.25,0.75674
48,41.5,0.745323
48,41.75,0.717388
48,42.0,0.68416
48,42.25,0.661235
48,42.5,0.641238
48,42.75,0.611802
48,43.0,0.589016
48,43.25,0.549576
48,43.5,0.551731
48,43.75,0.507348
48,44.0,0.487026
48,44.25,0.455909
48,44.5,0.442122
48,44.75,0.411429
48,45.0,0.392193
48,45.25,0.352374
48,45.5,0.337744
48,45.75,0.310736
48,46.0,0.276083
48,46.25,0.253406
48,46.5,0.216435
48,46.75,0.215489
48,47.0,0.149809
48,47.25,0.140761
48,47.5,0.0903317
48,47.75,0.0666198
48,48.0,0.0187599
48,48.25,0.00788617
48,48.5,0.00477194
48,48.75,0.005129
48,49.0,0.00487777
48,49.25,0.00447492
48,49.5,0.00491439
48,49.75,0.00463316
48,50.0,0.00474297
48,50.25,0.00373157
49,0.25,0.0
49,0.5,0.0
49,0.75,0.0
49,1.0,0.0
49,1.25,0.0
49,1.5,0.0
49,1.75,0.0
49,2.0,0.0
49,2.25,0.0
49,2.5,0.0
49,2.75,0.0
49,3.0,0.0
49,3.25,0.0
49,3.5,0.0
49,3.75,0.0
49,4.0,0.0
49,4.25,0.0536335
49,4.5,0.0463385
49,4.75,0.0449149
49,5.0,0.0553457
49,5.25,0.0443302
49,5.5,0.0876628
49,5.75,0.110625
49,6.0,0.146761
49,6.25,0.277524
49,6.5,0.347823
49,6.75,0.431744
49,7.0,0.565626
49,7.25,0.843473
49,7.5,1.07491
49,7.75,1.61424
49,8.0,2.64988
49,8.25,12.2038
49,8.5,14.1994
49,8.75,2.71033
49,9.0,2.98853
49,9.25,3.22461
49,9.5,13.3335
49,9.75,22.0659
49,10.0,12.592
49,10.25,4.36984
49,10.5,2.1818
49,10.75,2.58074
49,11.0,3.21673
49,11.25,6.71011
49,11.5,5.50564
49,11.75,3.7734
49,12.0,3.01116
49,12.25,2.67336
49,12.5,2.66547
49,12.75,2.72632
49,13.0,2.83737
49,13.25,2.80793
49,13.5,2.94738
49,13.75,2.94197
49,14.0,3.02653
49,14.25,3.04532
49,14.5,3.11554
49,14.75,3.14827
49,15.0,3.14838
49,15.25,3.18252
49,15.5,3.18605
49,15.75,3.23429
49,16.0,3.25106
49,16.25,3.23098
49,16.5,3.27057
49,16.75,3.28496
49,17.0,3.24585
49,17.25,3.27264
49,17.5,3.24356
49,17.75,3.21869
49,18.0,3.27683
49,18.25,3.19005
49,18.5,3.24903
49,18.75,3.17219
49,19.0,3.20012
49,19.25,3.18014
49,19.5,3.18751
49,19.75,3.10166
49,20.0,3.1324
49,20.25,3.07865
49,20.5,3.07553
49,20.75,3.02746
49,21.0,3.06186
49,21.25,2.99187
49,21.5,2.99926
49,21.75,2.97805
49,22.0,2.96168
49,22.25,2.96977
49,22.5,2.86526
49,22.75,2.86901
49,23.0,2.82553
49,23.25,2.77572
49,23.5,2.77913
49,23.75,2.72359
49,24.0,2.70841
49,24.25,2.69022
49,24.5,2.63956
49,24.75,2.64222
49,25.0,2.61096
49,25.25,2.55076
49,25.5,2.52795
49,25.75,2.51135
49,26.0,2.45696
49,26.25,2.4259
49,26.5,2.41993
49,26.75,2.37546
49,27.0,2.36346
49,27.25,2.27776
49,27.5,2.30229
49,27.75,2.20597
49,28.0,2.27362
49,28.25,2.16341
49,28.5,2.17311
49,28.75,2.12693
49,29.0,2.09992
49,29.25,2.08843
49,29.5,2.04142
49,29.75,2.02677
49,30.0,1.96235
49,30.25,1.97304
49,30.5,1.91442
49,30.75,1.93364
49,31.0,1.85417
49,31.25,1.86245
49,31.5,1.80174
49,31.75,1.80572
49,32.0,1.76646
49,32.25,1.74323
49,32.5,1.6945
49,32.75,1.6861
49,33.0,1.65102
49,33.25,1.62212
49,33.5,1.60088
49,33.75,1.55815
49,34.0,1.55053
49,34.25,1.51984
49,34.5,1.47873
49,34.75,1.47564
49,35.0,1.42895
49,35.25,1.42223
49,35.5,1.377
49,35.75,1.36447
49,36.0,1.33165
49,36.25,1.3009
49,36.5,1.28249
49,36.75,1.25995
49,37.0,1.20834
49,37.25,1.23251
49,37.5,1.15763
49,37.75,1.17921
49,38.0,1.11416
49,38.25,1.11018
49,38.5,1.07789
49,38.75,1.06228
49,39.0,1.00993
49,39.25,1.02234
49,39.5,0.972073
49,39.75,0.967934
49,40.0,0.928209
49,40.25,0.910987
49,40.5,0.875032
49,40.75,0.870076
49,41.0,0.832074
49,41.25,0.817069
49,41.5,0.78227
49,41.75,0.768735
49,42.0,0.740776
49,42.25,0.717361
49,42.5,0.697464
49,42.75,0.669012
49,43.0,0.648447
49,43.25,0.621494
49,43.5,0.616324
49,43.75,0.557719
49,44.0,0.560712
49,44.25,0.527327
49,44.5,0.511145
49,44.75,0.482453
49,45.0,0.472117
49,45.25,0.422409
49,45.5,0.420298
49,45.75,0.383364
49,46.0,0.360339
49,46.25,0.345102
49,46.5,0.311902
49,46.75,0.291778
49,47.0,0.251947
49,47.25,0.243971
49,47.5,0.204292
49,47.75,0.193568
49,48.0,0.145437
49,48.25,0.137102
49,48.5,0.0832346
49,48.75,0.0607011
49,49.0,0.0187387
49,49.25,0.00656588
49,49.5,0.00406405
49,49.75,0.00445885
49,50.0,0.00376063
49,50.25,0.00468236
49,50.5,0.0049835
49,50.75,0.00319316
49,51.0,0.00454121
49,51.25,0.00350829
50,0.25,0.0
50,0.5,0.0
50,0.75,0.0
50,1.0,0.0
50,1.25,0.0
50,1.5,0.0
50,1.75,0.0
50,2.0,0.0
50,2.25,0.0
50,2.5,0.0
50,2.75,0.0
50,3.0,0.0
50,3.25,0.0
50,3.5,0.0
50,3.75,0.0
50,4.0,0.0
50,4.25,0.0477434
50,4.5,0.0510458
50,4.75,0.0422295
50,5.0,0.0598131
50,5.25,0.0401482
50,5.5,0.0759049
50,5.75,0.108694
50,6.0,0.143912
50,6.25,0.251163
50,6.5,0.338691
50,6.75,0.42566
50,7.0,0.556306
50,7.25,0.827878
50,7.5,1.09212
50,7.75,1.60168
50,8.0,2.68541
50,8.25,11.8961
50,8.5,14.0001
50,8.75,2.74681
50,9.0,2.97493
50,9.25,3.25219
50,9.5,13.1191
50,9.75,21.6425
50,10.0,12.6689
50,10.25,4.2611
50,10.5,2.18374
50,10.75,2.51663
50,11.0,3.13537
50,11.25,6.58479
50,11.5,5.43356
50,11.75,3.70203
50,12.0,2.987
50,12.25,2.62953
50,12.5,2.55922
50,12.75,2.67907
50,13.0,2.74775
50,13.25,2.78616
50,13.5,2.8309
50,13.75,2.91705
50,14.0,2.94927
50,14.25,3.02201
50,14.5,3.04479
50,14.75,3.08325
50,15.0,3.1037
50,15.25,3.1538
50,15.5,3.14849
50,15.75,3.17894
50,16.0,3.2011
50,16.25,3.20077
50,16.5,3.22495
50,16.75,3.22758
50,17.0,3.18236
50,17.25,3.22545
50,17.5,3.21259
50,17.75,3.18583
50,18.0,3.21591
50,18.25,3.18142
50,18.5,3.16752
50,18.75,3.18948
50,19.0,3.10618
50,19.25,3.17407
50,19.5,3.12738
50,19.75,3.09064
50,20.0,3.0843
50,20.25,3.0646
50,20.5,3.041
50,20.75,3.04095
50,21.0,2.98938
50,21.25,2.99889
50,21.5,2.95611
50,21.75,2.94528
50,22.0,2.96007
50,22.25,2.94106
50,22.5,2.8632
50,22.75,2.81068
50,23.0,2.79354
50,23.25,2.77736
50,23.5,2.74012
50,23.75,2.70598
50,24.0,2.69673
50,24.25,2.66489
50,24.5,2.62474
50,24.75,2.62987
50,25.0,2.56132
50,25.25,2.57592
50,25.5,2.51316
50,25.75,2.4678
50,26.0,2.46784
50,26.25,2.4204
50,26.5,2.38139
50,26.75,2.39923
50,27.0,2.31315
50,27.25,2.33154
50,27.5,2.26171
50,27.75,2.26137
50,28.0,2.21118
50,28.25,2.2028
50,28.5,2.15325
50,28.75,2.14387
50,29.0,2.10485
50,29.25,2.08103
50,29.5,2.04224
50,29.75,2.03199
50,30.0,2.0085
50,30.25,1.94894
50,30.5,1.93385
50,30.75,1.92684
50,31.0,1.88237
50,31.25,1.85149
50,31.5,1.83301
50,31.75,1.79796
50,32.0,1.76739
50,32.25,1.75272
50,32.5,1.7235
50,32.75,1.70209
50,33.0,1.66767
50,33.25,1.63672
50,33.5,1.59485
50,33.75,1.60275
50,34.0,1.56147
50,34.25,1.53603
50,34.5,1.50746
50,34.75,1.48616
50,35.0,1.4675
50,35.25,1.43311
50,35.5,1.40124
50,35.75,1.38973
50,36.0,1.34245
50,36.25,1.34445
50,36.5,1.30205
50,36.75,1.28479
50,37.0,1.25782
50,37.25,1.21919
50,37.5,1.21979
50,37.75,1.19497
50,38.0,1.16464
50,38.25,1.14328
50,38.5,1.11615
50,38.75,1.09358
50,39.0,1.04783
50,39.25,1.04813
50,39.5,1.01587
50,39.75,1.00812
50,40.0,0.961404
50,40.25,0.95985
50,40.5,0.934762
50,40.75,0.908449
50,41.0,0.880109
50,41.25,0.868485
50,41.5,0.830081
50,41.75,0.821092
50,42.0,0.796203
50,42.25,0.751347
50,42.5,0.767229
50,42.75,0.713211
50,43.0,0.702277
50,43.25,0.680406
50,43.5,0.659476
50,43.75,0.638744
50,44.0,0.602859
50,44.25,0.599006
50,44.5,0.56284
50,44.75,0.555692
50,45.0,0.519738
50,45.25,0.506254
50,45.5,0.481141
50,45.75,0.462425
50,46.0,0.432779
50,46.25,0.417979
50,46.5,0.382504
50,46.75,0.373232
50,47.0,0.342789
50,47.25,0.321157
50,47.5,0.29186
50,47.75,0.277085
50,48.0,0.248438
50,48.25,0.231322
50,48.5,0.201015
50,48.75,0.177404
50,49.0,0.143866
50,49.25,0.124227
50,49.5,0.0824225
50,49.75,0.055949
50,50.0,0.0209718
50,50.25,0.00535349
50,50.5,0.00584816
50,50.75,0.0038525
50,51.0,0.00435785
50,51.25,0.00482089
50,51.5,0.0037812
50,51.75,0.00349754
50,52.0,0.0046286
50,52.25,0.00416301
